,word,freq
6445,the,2044
38391,I,1752
25013,to,1628
31790,and,1035
24834,,979
37942,it,839
4610,my,837
10884,a,736
26318,Google,680
1658,is,600
44999,on,572
26551,phone,477
2361,in,444
23114,have,392
28387,not,384
29211,assistant,370
25870,for,367
14438,but,351
795,of,338
9473,that,328
5424,this,322
23456,with,318
4479,when,298
40690,voice,287
17349,me,267
30641,Assistant,264
2942,or,255
28020,Pixel,231
37534,as,205
15664,up,204
29004,google,202
38035,can,181
10405,do,173
5526,just,168
40656,get,164
6998,app,162
8094,from,156
3332,screen,154
11248,no,153
28852,work,150
34930,tried,148
14408,use,145
41832,I'm,142
21134,be,141
11130,an,140
46075,was,138
15656,all,133
23380,if,130
38604,only,127
45294,off,127
1513,using,122
14369,will,122
22685,When,121
16214,at,121
46862,I've,117
14097,It,116
11546,settings,115
41807,am,115
28961,issue,112
25737,The,111
36486,pixel,109
24702,has,109
18848,so,108
45172,any,107
33119,can't,106
43932,you,106
22915,working,103
15398,help,101
17985,call,100
42337,set,100
17997,i,96
32434,are,96
20714,time,94
34736,This,93
20890,then,93
13515,now,93
16167,say,92
38013,works,92
29299,don't,92
22060,device,91
42140,what,90
10872,like,89
9399,after,89
42462,does,86
33461,there,86
2767,doesn't,86
28083,want,85
20445,Android,85
33786,it's,84
44589,2,84
34825,know,84
6684,out,84
12401,My,83
8185,would,80
8553,other,78
42699,3,77
42113,still,77
33332,new,76
43417,by,76
32812,back,75
12603,also,75
11444,same,75
7433,which,74
39322,problem,73
29954,turn,72
13669,how,72
25280,nothing,67
43624,update,66
30700,music,64
38852,play,64
10844,had,64
8953,trying,64
21074,button,62
37573,find,62
31375,way,62
16056,some,61
46667,How,61
5479,while,60
7576,text,60
41149,make,60
45127,If,60
35055,one,59
47483,been,59
6758,feature,59
43982,account,57
31907,Is,57
34254,fine,57
16920,see,56
41721,ask,55
6977,try,54
4428,able,54
19600,fix,53
33711,about,53
5796,apps,52
22235,commands,51
32795,home,50
47325,hear,50
42681,4,49
34911,says,49
4239,search,49
4243,Any,49
2021,"Google""",49
45949,they,48
12125,support,48
40047,command,48
5891,audio,48
15125,"""",48
9440,without,47
28686,did,47
20701,But,46
17552,reset,46
5105,calls,46
29452,microphone,45
33245,again,45
28006,because,44
32556,them,44
6554,won't,44
37645,setting,43
17366,open,43
34450,volume,43
13393,respond,42
9514,seems,42
28098,mode,42
39095,saying,41
16906,always,41
39087,worked,41
27790,times,41
35535,turned,40
31585,through,40
47446,every,40
9623,sure,40
22211,something,39
47171,message,39
47577,your,39
20889,sound,38
43273,used,38
37751,else,38
42803,into,38
41561,So,38
40501,5,37
24047,go,37
27986,happens,37
31192,Home,37
5008,anyone,37
2626,start,37
16567,found,37
28715,even,37
37230,factory,36
20348,notification,36
18918,listening,36
18904,need,36
27254,before,36
45289,since,35
10920,being,35
6695,etc,35
18989,1,35
31812,didn't,34
23506,tell,34
11037,song,34
3855,Thanks,34
21519,devices,34
5630,4a,34
12922,days,34
4858,read,34
38194,change,34
12718,why,34
15880,headphones,33
45460,playing,33
10875,stop,33
12840,old,33
3808,got,33
15897,cache,33
45328,XL,33
5026,alarm,33
574,reminders,32
13584,11,32
20270,routine,32
4448,answer,32
23161,"""Hey",32
31287,having,32
868,Please,32
10392,option,32
31232,10,32
22072,default,32
39319,via,32
12382,down,31
14128,language,31
8957,news,31
34025,unlock,31
5739,everything,31
30930,already,31
39049,anything,31
28488,started,31
36815,ago,30
22261,either,30
21509,instead,30
29776,another,30
29189,ok,30
5790,Voice,30
16229,>,30
46056,few,30
29342,android,30
26909,very,30
5272,access,30
849,first,30
6393,longer,29
40793,where,29
9114,data,28
47215,car,28
36148,well,28
8745,activate,28
38553,bluetooth,28
25697,both,28
40536,please,28
46111,English,28
23363,However,27
41273,changed,27
1242,For,27
34333,Hey,27
15041,doing,27
44082,could,27
25924,Now,27
7287,really,26
17059,thing,26
46829,press,26
34679,notifications,26
3521,last,26
12471,locked,26
36363,take,26
3469,never,25
38881,match,25
45741,connected,25
13568,updates,25
28689,until,25
11065,give,24
41228,date,24
45339,send,24
15917,cannot,24
19334,getting,24
25677,question,24
19262,keep,24
1037,weather,24
26546,two,24
40323,com,23
43641,speaker,23
1515,version,23
39878,Tried,23
44443,No,23
40767,going,23
39988,goes,23
2478,many,23
2284,think,23
35942,pocket,23
38754,right,23
41524,Spotify,23
236,turning,23
20590,several,22
23935,online,22
15901,App,22
1661,enabled,22
14077,annoying,22
14381,bottom,22
46701,shows,22
46579,keeps,22
14080,control,22
22205,checked,22
22430,this?,22
42448,over,22
3420,issues,22
7086,clearing,22
13901,should,22
38584,someone,22
6339,more,22
384,It's,22
10255,stopped,22
31241,USB,21
5033,day,21
510,updated,21
45823,&,21
44599,put,21
23641,mic,21
38282,results,21
40476,isn't,21
13356,unable,21
43427,perfectly,21
40132,bought,21
6042,disabled,21
1815,download,21
27534,come,20
17028,appear,20
41665,often,20
44846,asking,20
42748,phones,20
18377,Can,20
17801,function,20
17562,listen,20
21932,Anyone,20
23075,Phone,20
26736,Bluetooth,20
37660,available,20
11459,response,20
36965,re,20
17174,error,20
23050,And,20
37847,Play,20
34633,than,20
15342,these,20
15354,"google""",20
35022,messages,19
1144,bar,19
13052,"""hey",19
17019,sometimes,19
15237,tap,19
27286,automatically,19
29002,headset,19
1592,click,19
39542,completely,19
26522,enable,19
30002,As,18
43767,squeeze,18
37459,manually,18
1416,All,18
23468,C,18
33243,pop,18
26879,itself,18
16727,hey,18
2792,under,18
16652,months,18
3597,morning,18
9608,email,18
9823,speech,18
41935,let,18
21430,number,18
20742,driving,18
18699,3a,18
33321,storage,18
41036,different,18
1725,long,18
3899,web,18
44457,Hi,17
44280,mobile,17
4484,restart,17
10369,name,17
21280,made,17
7410,tells,17
27486,What,17
28755,actually,17
35658,recently,17
21027,most,17
35358,example,17
44439,seem,17
10824,Not,17
6809,possible,17
17614,screenshot,17
29716,solution,17
44027,personal,17
36820,its,17
7060,though,17
4526,said,17
7237,speak,17
38488,disable,16
24045,pause,16
30059,https:,16
21809,person,16
23066,appears,16
2954,page,16
14248,maps,16
39929,went,16
32346,running,16
43458,restarting,16
35583,understand,16
20128,responding,16
43988,action,16
46136,here,16
38521,restarted,16
45718,After,16
9955,far,16
46307,latest,16
33887,Does,15
42254,Music,15
2820,hold,15
18716,recognize,15
44387,location,15
4445,show,15
23332,appreciated,15
15042,today,15
1506,typing,15
20494,much,15
37416,starts,15
26037,responds,15
27797,who,15
8193,remove,15
38225,I'll,15
33881,Why,15
39781,free,15
24538,Stand,15
28229,hands,15
9953,things,14
37023,end,14
22038,add,14
36485,their,14
12571,assistance,14
6618,whatever,14
29666,information,14
37739,done,14
7397,reason,14
8844,setup,14
36245,"""Ok",14
29957,lights,14
45256,issue?,14
19243,once,14
22415,OK,14
46998,reminder,14
28409,suddenly,14
9834,word,14
40794,she,14
42802,gone,14
20120,around,14
39009,correct,14
1803,anymore,14
30204,user,14
40805,her,14
4023,words,13
37116,In,13
27384,comes,13
24792,lock,13
26269,stand,13
26949,recognition,13
19861,case,13
3181,happened,13
38936,A,13
21266,that's,13
20594,makes,13
38897,there's,13
20551,weeks,13
38995,Then,13
25084,Auto,13
38155,"""OK",13
25108,figure,13
40063,installed,13
23229,display,13
8569,software,13
22056,such,13
3634,turns,13
42451,I'd,13
26925,Hello,13
21525,non,13
20976,multiple,13
24713,asked,13
33862,matter,12
9090,unless,12
35770,top,12
34013,Just,12
27322,gives,12
23610,opens,12
46145,own,12
30776,Even,12
26148,away,12
35771,edge,12
35633,bug,12
6382,icon,12
29361,wake,12
37628,immediately,12
36704,touch,12
27845,security,12
34583,warranty,12
23488,played,12
18639,internet,12
14918,happening,12
14947,place,12
3507,YouTube,12
31763,active,12
20475,those,12
18733,second,12
42181,launch,12
969,Has,12
18513,Also,12
16254,On,12
44307,?,12
29332,great,12
15654,attached,12
18117,frustrating,12
37897,earbuds,12
3628,Trying,12
40583,however,12
45379,randomly,12
14688,e,12
11683,model,11
991,radio,11
11724,recent,11
34934,result,11
26767,noise,11
6306,talking,11
30381,note,11
2336,wired,11
37725,system,11
16579,head,11
37345,buds,11
11579,offline,11
26865,activated,11
16609,media,11
971,hours,11
2395,headphone,11
22155,pops,11
34564,suggested,11
26700,people,11
1031,whenever,11
15981,related,11
9586,loud,11
21769,contact,11
44572,ambient,11
30969,iPhone,11
30779,may,11
9563,incoming,11
45036,US,11
3756,year,11
26905,input,11
2427,received,11
37397,Ok,11
10396,Can't,11
9523,point,11
8019,request,11
45216,coming,11
21900,previous,11
37515,save,11
44773,told,11
30789,talk,11
44972,asks,11
11494,switch,11
22164,video,11
45168,Moto,11
46752,soon,11
25580,"""ok",11
46296,punctuation,11
39440,takes,11
32405,chat,11
24209,seen,11
13873,swipe,11
32469,timer,11
39570,type,11
12341,reading,11
15530,Since,11
18174,permissions,10
22827,calling,10
5777,Help,10
15770,6,10
13910,buy,10
31757,thought,10
7641,room,10
18770,hour,10
18838,Still,10
42190,uninstalled,10
29664,receive,10
11914,beep,10
27819,Nothing,10
43905,create,10
34418,Do,10
18124,steps,10
23642,properly,10
27825,whether,10
36472,7,10
2785,contacts,10
25907,4XL,10
31740,info,10
18134,haven't,10
45477,They,10
15701,pretty,10
38501,scroll,10
1623,features,10
46209,не,10
3501,plays,10
17952,myself,10
25553,process,10
12513,english,10
18005,look,10
22672,options,10
7113,success,10
43495,rebooted,10
19274,normal,10
45726,full,10
33683,behavior,10
46530,couple,10
10905,Nest,10
24882,three,9
43461,changing,9
32994,Edge,9
14610,week,9
4469,within,9
8260,displays,9
25968,browser,9
4432,left,9
32819,chrome,9
1932,we,9
7048,minutes,9
13155,sent,9
39756,safe,9
91,beta,9
25969,fast,9
12782,Active,9
23777,above,9
42809,twice,9
28392,AA,9
33149,speaking,9
3197,article,9
33858,To,9
23604,"""Okay",9
28520,must,9
10387,Have,9
2833,record,9
28396,Mode,9
5474,allow,9
38845,sounds,9
4077,suggestions,9
46173,application,9
28388,starting,9
25012,connect,9
18855,ready,9
8602,idea,9
25053,older,9
46255,auto,9
43391,following,9
27881,recording,9
14768,noticed,9
25885,good,9
18835,happen,9
31931,routines,9
33089,retrain,9
28539,deleted,9
25890,month,9
36685,what's,9
36294,xl,9
25915,languages,9
8199,list,9
35835,trigger,9
47440,main,9
25068,unit,9
3454,permission,9
14602,stuck,9
8433,fixed,9
28759,battery,9
12496,Whenever,9
14083,navigation,9
8769,voicemail,9
19160,ear,9
10302,Search,9
7085,updating,9
43013,almost,9
36517,part,9
3364,answers,9
19596,later,9
4260,Thanks!,9
7317,service,9
19873,Buds,9
41532,linked,8
19545,stops,8
39118,experiencing,8
43659,reach,8
47321,clear,8
17321,reads,8
39196,pick,8
12661,specific,8
11300,certain,8
44990,website,8
42080,enough,8
40113,selected,8
24646,route,8
39817,check,8
2446,attempting,8
40101,downloaded,8
46289,period,8
12652,occurs,8
10739,GPS,8
41443,reinstalled,8
24735,reproduce,8
23286,resetting,8
39168,called,8
2756,rid,8
19557,original,8
13425,TV,8
666,shut,8
20586,making,8
12649,problems,8
44967,simply,8
20331,usually,8
20299,There,8
19839,corner,8
21406,fails,8
22102,absolutely,8
40986,wifi,8
1216,enter,8
13550,screenshots,8
21514,tested,8
39989,mute,8
11491,accessibility,8
12846,solve,8
23495,file,8
8599,conversation,8
21651,ideas,8
20501,switching,8
46191,past,8
9016,Only,8
2800,added,8
47600,store,8
18712,during,8
46061,unlocked,8
24951,Settings,8
2340,controls,8
29,trouble,8
15023,live,8
1480,yesterday,8
24816,GA,8
15077,phrase,8
8640,Match,8
17221,uninstall,8
1163,exact,8
17145,swiping,8
10988,it?,8
39621,smart,8
21041,wasn't,8
8859,profile,8
3000,next,8
43124,bring,8
39450,link,8
45376,too,8
24222,between,8
43110,middle,8
45074,delete,8
43333,slow,8
8024,prompt,7
3759,gets,7
22067,calendar,7
39853,photos,7
23714,PAS,7
13331,speakers,7
22147,popping,7
2435,except,7
26755,taking,7
2423,thread,7
32419,UK,7
3466,yet,7
37619,usual,7
7982,cleared,7
34611,continued,7
26758,better,7
40864,might,7
13915,wife,7
12728,given,7
46883,buttons,7
44685,looks,7
26333,ассистента,7
34603,phone's,7
14051,crazy,7
325,wrong,7
23804,performed,7
11463,ding,7
41207,run,7
17015,hears,7
9648,keyboard,7
34939,gave,7
952,remember,7
23860,order,7
34893,needs,7
39699,hit,7
46766,recognizes,7
27184,especially,7
16994,retrained,7
26986,contacted,7
46863,looked,7
26852,expected,7
45731,listed,7
44607,screening,7
11970,Sound,7
2401,similar,7
13355,were,7
41122,un,7
21944,G,7
21933,ever,7
39865,camera,7
40415,citymapper,7
33249,wouldn't,7
26247,reinstalling,7
44852,"""play",7
16599,return,7
26379,и,7
30230,primary,7
204,Every,7
23233,close,7
5396,Mini,7
23265,9,7
6444,upgrade,7
47197,accent,7
45648,strange,7
40210,removed,7
11616,wanted,7
45638,correctly,7
23500,dont,7
22620,Thank,7
255,power,7
23595,With,7
22488,house,7
37757,2XL,7
39891,persists,7
23282,including,7
23288,hub,7
2585,uses,7
35455,resume,7
42737,podcast,7
31970,load,7
14901,random,7
2444,gboard,6
40947,below,6
37639,recorded,6
24870,toggle,6
15825,effect,6
16841,wondering,6
43065,training,6
22210,missing,6
13864,low,6
24858,tasks,6
26632,holding,6
45247,none,6
28827,various,6
8682,:,6
32425,*,6
26677,menu,6
1701,giving,6
4321,regardless,6
43073,songs,6
26685,do?,6
46206,на,6
28816,triggered,6
33451,friends,6
31515,Reset,6
18230,password,6
2448,train,6
16877,Siri,6
30425,quite,6
1313,due,6
7996,register,6
2504,network,6
8017,Currently,6
29762,experience,6
40842,tab,6
22330,although,6
28849,jack,6
4553,opening,6
1913,3XL,6
28860,wife's,6
43813,nor,6
37716,Assistant?,6
6509,recorder,6
29491,replace,6
2494,tips,6
543,Made,6
44694,followed,6
4327,Chrome,6
16828,share,6
37672,believe,6
3710,wait,6
39045,life,6
33437,searching,6
8614,upgraded,6
13857,additional,6
19395,patch,6
26902,waiting,6
21941,currently,6
525,instructions,6
11901,advise,6
11469,fixes,6
6259,plugged,6
21899,Gmail,6
26764,push,6
13979,reboot,6
26958,functionality,6
15091,Chromecast,6
33496,PT,6
32949,address,6
1720,stay,6
24189,directly,6
30384,Using,6
26890,charging,6
43024,country,6
39058,experienced,6
32068,cant,6
15154,arm64,6
31265,earphones,6
3776,broken,6
26856,Call,6
26860,India,6
3778,Very,6
7891,luck,6
13834,dice,6
13641,he,6
42436,"""call",6
13635,bad,6
40474,hope,6
12913,2020,6
28043,phone?,6
45878,Z,6
1040,outside,6
47582,WhatsApp,6
6908,rather,6
33846,Turn,6
5713,useless,6
22924,our,6
29037,prevent,6
38492,fact,6
39004,widget,6
39529,Smart,6
36505,0,6
13011,hearing,6
40687,questions,6
38770,corners,6
42489,SMS,6
37804,area,6
42270,advance,6
17501,videos,6
20781,voices,6
19759,image,6
19758,saved,6
44342,thanks,6
31309,spoken,6
27692,output,6
36782,Or,6
38222,mean,5
11363,hardware,5
8175,Apple,5
31949,connection,5
28598,extremely,5
21390,actions,5
27294,color,5
12814,он,5
11353,increase,5
23560,Did,5
27295,drop,5
31327,pair,5
9833,key,5
46277,marks,5
21376,Okay,5
21392,dictate,5
12813,но,5
38158,"""Note",5
23320,prior,5
41485,box,5
41415,difference,5
2263,spelling,5
24854,dots,5
7207,unlocking,5
37227,standard,5
28613,responses,5
27243,hate,5
41032,moved,5
44636,probably,5
35457,ebook,5
7739,mine,5
6608,everywhere,5
8846,finished,5
25460,stopping,5
31945,connecting,5
12468,returned,5
40089,tries,5
14134,supported,5
41477,brand,5
12465,5G,5
32349,telling,5
46670,cancel,5
7136,Everything,5
31955,choose,5
1348,kind,5
30064,pixelphone,5
8115,select,5
7238,At,5
46892,deactivated,5
9557,bass,5
41637,bit,5
14274,retraining,5
17327,off?,5
41648,exactly,5
18818,finish,5
26720,replaced,5
46293,mark,5
42787,looking,5
29148,pull,5
25444,Screen,5
39340,Restarting,5
1773,Before,5
46695,"""what's",5
37541,cool,5
6602,means,5
13408,X,5
9859,least,5
32958,advice,5
23578,Ambient,5
23303,previously,5
41558,actual,5
46685,identify,5
46069,card,5
27344,Pie,5
5328,it'll,5
23300,mini,5
45724,clicking,5
10815,showing,5
10818,small,5
38205,interface,5
30210,secondary,5
43452,avail,5
24219,transfer,5
37371,gmail,5
37368,black,5
30352,bla,5
26882,table,5
14026,double,5
45767,events,5
30390,discovered,5
38174,notes,5
18152,3xl,5
11013,functions,5
16959,anywhere,5
11458,audible,5
30357,Keep,5
46836,triggers,5
37427,heard,5
32391,along,5
34662,feed,5
34915,occurred,5
8380,"device""",5
13470,seemed,5
29517,spent,5
18188,physically,5
21838,rep,5
2782,despite,5
16944,otherwise,5
32968,best,5
27174,UI,5
24235,Store,5
12484,Get,5
13117,sends,5
44491,services,5
37509,clock,5
37521,blank,5
33997,disabling,5
46247,helped,5
17331,activation,5
13943,purchase,5
6342,15,5
43444,uninstalling,5
15629,side,5
36163,guess,5
8152,station,5
18128,team,5
41759,feedback,5
1977,verify,5
38363,totally,5
6774,log,5
15171,Pixel5,5
6068,post,5
29343,OS,5
3435,Disturb,5
36654,constantly,5
46355,You,5
12895,sites,5
38776,Q,5
20410,came,5
29810,replacement,5
19903,leave,5
46346,Instead,5
34417,notice,5
11115,reinstall,5
10259,2021,5
17926,each,5
37,From,5
42303,в,5
39657,reply,5
36952,Spanish,5
28448,Driving,5
41866,money,5
33085,We,5
24060,guys,5
47174,Larry,5
30624,Jane,5
9466,frequency,5
15856,ways,4
28919,appeared,4
36947,c,4
15872,helps,4
47125,sending,4
18595,hitting,4
7522,follow,4
46616,Here,4
20317,30,4
31064,DND,4
36744,Clock,4
5289,answering,4
10631,January,4
26312,с,4
20996,earbud,4
23110,suggestion,4
23111,She,4
32257,details,4
13561,See,4
32910,yes,4
30783,BACK,4
15871,temporarily,4
13530,gestures,4
35402,@Voice,4
46435,rebooting,4
10274,Issue,4
18004,u,4
10735,problem?,4
30782,TALK,4
43541,writes,4
18682,back?,4
33263,8,4
39653,impossible,4
7377,i'm,4
24962,Gboard,4
2105,runs,4
5096,trusted,4
25372,Calendar,4
20467,Google's,4
13257,existing,4
5037,m,4
34454,keys,4
25813,Ever,4
12387,Restarted,4
19789,taken,4
35608,100%,4
22846,us,4
20319,sources,4
12716,entirely,4
41796,Text,4
7646,bedroom,4
30625,"Doe""",4
20977,headsets,4
27528,separate,4
36741,alarms,4
9379,continue,4
13363,trained,4
23639,activating,4
12830,assitant,4
33696,course,4
19090,youll,4
10276,resolved,4
12778,flawlessly,4
20484,bugs,4
45067,years,4
8450,aware,4
27558,saver,4
31128,switched,4
34317,whole,4
4230,history,4
22949,blue,4
15373,further,4
27452,normally,4
25964,WiFi,4
16335,seeing,4
22584,program,4
4742,Previously,4
27461,buggy,4
19724,Rebooted,4
21136,launching,4
5744,texts,4
47009,ongoing,4
6345,assist,4
5627,him,4
9931,Make,4
10628,Security,4
16338,redundant,4
21160,touching,4
12646,playlist,4
46652,mentioned,4
18059,half,4
46428,Account,4
21182,sort,4
42207,PIXEL,4
42218,sense,4
10965,maybe,4
17742,dial,4
16196,ensure,4
35095,perform,4
12696,picked,4
6238,de,4
20447,awesome,4
8554,numbers,4
3955,install,4
27489,on?,4
38652,riding,4
3581,troubleshoot,4
2838,recordings,4
4922,"""Sorry",4
4182,Recently,4
2666,Will,4
27849,2019,4
3958,short,4
20388,hard,4
40387,allows,4
18427,4xl,4
20434,third,4
46460,purchased,4
25956,obviously,4
23786,ALL,4
23833,Device,4
29020,solutions,4
9945,One,4
25327,appreciate,4
33267,sleep,4
2941,aloud,4
18570,forums,4
36277,photo,4
16327,searched,4
12309,write,4
24348,NOT,4
38384,spotify,4
29290,love,4
556,Location,4
46558,task,4
4945,pages,4
3595,g,4
5180,speed,4
15056,big,4
4860,posts,4
25339,gesture,4
14663,assistente,4
420,little,4
44254,squeezing,4
20352,window,4
29636,night,4
14495,attempt,4
744,complete,4
12908,www,4
37849,Services,4
6438,pressed,4
11884,What's,4
47546,shouldn't,4
14504,facebook,4
5571,"phone""",4
8442,basic,4
23712,nearby,4
11229,game,4
42669,2016,4
28959,confirmed,4
33199,min,4
32578,others,4
15693,accidentally,4
1481,putting,4
20599,choice,4
4025,phrases,4
36817,decided,4
31602,light,4
36825,Today,4
4389,Samsung,4
36807,lost,4
2628,Want,4
42256,begin,4
19870,usb,4
29284,im,4
18638,entire,4
4094,That,4
20632,Pixels,4
42011,signed,4
37998,took,4
35220,size,4
1853,reference,4
29928,bubble,4
23668,lot,4
35604,understands,4
41865,real,4
45587,care,4
11260,guidance,4
41853,claim,4
36883,seconds,4
2590,comma,4
41836,s,4
5063,male,4
22833,resolve,4
42119,I’m,4
31688,business,4
27769,"again""",4
31900,Web,4
412,finding,4
415,triggering,4
40484,greatly,4
11245,Maps,4
43388,repeatedly,4
20789,flipkart,4
16206,level,4
26575,gsuite,4
14720,è,4
23982,Accessibility,4
41205,Routine,4
29748,feel,4
32654,GOOGLE,4
38078,"""Google",4
30882,assistant's,4
44557,miss,4
2687,upgrading,4
15312,Italian,4
6426,smartphone,4
33490,o,4
31831,activates,4
42985,friend,4
40860,pin,4
29379,edit,4
24985,deleting,4
26768,cancelling,4
32988,Suite,4
5343,title,4
2998,Next,4
5632,Christmas,4
18536,alert,4
32414,launcher,4
32413,party,4
34821,drive,4
18565,thinks,4
14975,possible?,3
29297,port,3
6227,registered,3
4408,5g,3
39154,instance,3
44044,assuming,3
15153,29,3
36455,convenient,3
3195,"""read",3
29050,essential,3
14839,company,3
4634,opened,3
19982,pressing,3
45973,across,3
1868,offer,3
29434,charger,3
36477,workaround,3
14834,logged,3
36445,login,3
14849,paid,3
11842,Use,3
32020,stuff,3
28164,resumes,3
4418,aids,3
42473,bypass,3
8559,dialer,3
5972,confused,3
14649,di,3
42564,Delete,3
10713,Seems,3
19036,session,3
19012,cause,3
46348,touchscreen,3
47593,thoughts,3
15065,chromecast,3
3,recommended,3
19005,interesting,3
29012,playback,3
18564,consumer,3
28086,"""Good",3
10277,Had,3
31255,robotic,3
35393,problem:,3
19030,Your,3
29319,parts,3
43753,Note,3
12233,somewhere,3
18406,regarding,3
36466,emails,3
15890,requests,3
38929,cable,3
35738,Squeeze,3
15809,rainbow,3
18837,them?,3
15083,"""Turn",3
19269,"moment""",3
4262,doesnt,3
11881,"""Hold",3
19597,Could,3
28630,font,3
43902,movie,3
35799,sensor,3
28640,theme,3
31857,tv,3
1676,causing,3
34366,Clearing,3
7205,Sometimes,3
4276,common,3
12130,replies,3
24877,privacy,3
29560,tool,3
42902,la,3
42905,mi,3
15030,Asking,3
6890,forth,3
45475,customer,3
19542,afterwards,3
29401,enabling,3
31661,Hue,3
12196,cleaned,3
19688,Assistance,3
42816,AirBnB,3
14765,Hello!,3
35812,basically,3
42821,Check,3
19678,TalkBack,3
15813,"""Hi",3
43133,known,3
42836,you're,3
43920,movies,3
33830,tired,3
25137,10+,3
29475,thru,3
15845,have:,3
18488,prompted,3
43406,occur,3
43408,intended,3
15105,Works,3
1744,adjust,3
12149,failed,3
33803,happen?,3
36092,states,3
43454,Turning,3
18199,incredibly,3
857,product,3
28772,Im,3
19414,wireless,3
15085,living,3
46220,tech,3
19407,teams,3
15716,OR,3
19350,it’s,3
14731,per,3
31715,Same,3
24860,timers,3
10908,accounts,3
852,saw,3
46211,LG,3
12135,Getting,3
6883,„light,3
10792,exit,3
35776,upside,3
35504,ebooks,3
43480,position,3
43877,early,3
6215,"""Assistant",3
29543,line,3
24833,inconsistent,3
18157,continuously,3
33828,sick,3
24840,troubleshooting,3
10584,downloading,3
6873,they're,3
19486,Turned,3
1533,Would,3
11879,sign,3
18823,silence,3
642,scrolling,3
35792,finger,3
18773,kept,3
29177,thinking,3
4476,everytime,3
12127,assistant?,3
17964,automatic,3
28335,connects,3
19110,n,3
24902,test,3
43248,included,3
15070,users,3
19132,charge,3
28964,exist,3
28351,forum,3
10656,repeat,3
1627,"""What's",3
33845,solution?,3
45420,Other,3
6843,hang,3
7309,considering,3
35655,unusable,3
46322,February,3
1452,Chinese,3
1333,nest,3
7303,causes,3
7090,removing,3
18620,up?,3
17956,situation,3
1317,Cannot,3
35919,picking,3
42585,dictation,3
33854,Google',3
25216,hangs,3
39143,wheel,3
25202,frequently,3
46339,Another,3
7348,me?,3
25028,Everytime,3
7336,explanation,3
28410,showed,3
29594,Somehow,3
31658,instantly,3
12154,Upon,3
47552,based,3
28901,harder,3
46299,spelled,3
35739,sensitivity,3
34012,fixed?,3
29116,examples,3
15130,=,3
18049,cuz,3
43162,become,3
36257,saying:,3
43156,minute,3
18880,Oddly,3
25064,Waze,3
25151,official,3
25144,Mike,3
43393,message:,3
14787,normal?,3
10372,caller,3
19802,Support,3
39115,community,3
18001,price,3
35654,nearly,3
29252,management,3
7270,chance,3
35732,exists,3
31964,loading,3
29613,provide,3
4369,Canada,3
28911,persist,3
41642,ideas?,3
29732,liked,3
6490,3A,3
33411,"""what",3
13800,sides,3
22512,blind,3
40710,watch,3
26461,ассистент,3
1069,vocally,3
26460,если,3
26456,через,3
22573,Restart,3
22576,Force,3
13771,everyone,3
22593,Open,3
34507,wallpaper,3
22601,downloads,3
5740,specifically,3
47016,shortcut,3
37800,quiet,3
9428,regular,3
9429,track,3
11547,Simple,3
46941,pictures,3
22360,None,3
22377,Sony,3
13835,que,3
40799,scores,3
30494,"""Call",3
24129,casting,3
45703,XYZ,3
37754,sorry,3
5730,Cortana,3
9391,news',3
9687,4A,3
40563,HELP,3
6122,force,3
16637,Something,3
26411,только,3
9347,kitchen,3
22747,Rackspace,3
40539,Microphone,3
26407,вызове,3
37866,messaging,3
26406,при,3
26399,же,3
37850,hasn't,3
40609,These,3
16679,firmware,3
40626,Where,3
38512,motion,3
40618,"""Squeeze",3
34798,Being,3
2977,Am,3
22683,provider,3
38508,items,3
2596,Yes,3
1086,current,3
39407,tapping,3
33500,para,3
27001,links,3
8850,rings,3
6104,Suddenly,3
44573,background,3
46824,his,3
33493,sem,3
21905,mostly,3
38566,Assistant's,3
16972,thanks!,3
30375,"bla""",3
32885,ID,3
27058,apparently,3
21736,description,3
27112,moment,3
15296,places,3
30313,passwords,3
30320,Really,3
44547,female,3
44597,Fi,3
16834,family,3
44667,Ann,3
44672,Anne,3
40917,account?,3
26618,beginning,3
13886,"""assistant",3
22283,Once,3
45714,lists,3
41059,That's,3
44628,numerous,3
10253,confirmation,3
11509,beeps,3
44824,group,3
30768,DOUBLE,3
16354,ANNOYING,3
26004,backup,3
25676,"""This",3
977,GAssistant,3
39900,lets,3
3545,discover,3
44995,Cleared,3
9093,speakerphone,3
2928,displayed,3
23396,knows,3
40050,shuffle,3
16391,happened?,3
23903,работает,3
32798,shown,3
23904,для,3
25781,Amp,3
23778,symptoms,3
34569,motherboard,3
45173,help!,3
968,ON,3
100,crashing,3
15557,chime,3
44875,red,3
47137,Jerry,3
40398,directions,3
47095,single,3
39530,Switch,3
34749,Quite,3
32625,Kurt,3
32645,IT,3
3572,buying,3
23203,disconnected,3
15418,alerts,3
9151,profiles,3
23094,loudly,3
14430,straight,3
46586,fail,3
11268,"""okay",3
15204,less,3
33092,module,3
37017,pass,3
17376,pandora,3
2160,flight,3
21127,launched,3
46643,closes,3
42260,mp3,3
6757,major,3
17234,representative,3
9844,amber,3
44489,vs,3
18337,routed,2
31733,affect,2
30769,TAP,2
982,flashlight,2
15151,34,2
4572,closing,2
18008,games,2
30046,doors,2
15148,Pixel2,2
11935,multi,2
15765,step,2
29658,dead,2
44021,synced,2
6496,files,2
17785,disturb,2
11843,Hold,2
16371,requesting,2
44018,Photos,2
5080,images,2
5171,American,2
4520,she's,2
45403,ended,2
18114,all!,2
1475,{comma},2
44133,increased,2
29461,Last,2
16355,3rd,2
34634,returning,2
31497,continuous,2
31743,D,2
34989,mail,2
16340,waste,2
31623,"""ON""",2
4578,idk,2
34990,"messages""",2
15514,steering,2
6592,confirm,2
31742,this!,2
45742,screen:,2
31396,paired,2
45601,service?,2
15758,Cindy,2
15759,Johnson,2
6101,green,2
6937,Note:,2
29783,honor,2
34542,center,2
6932,design,2
17696,detection,2
29570,label,2
11026,example:,2
12011,Anytime,2
31406,manufacturers,2
16400,thousands,2
31572,Wemo,2
31416,facedown,2
35461,easy,2
11845,Me,2
16030,developer,2
15607,fully,2
30016,garage,2
34675,recieve,2
34046,dictating,2
16430,simple,2
15174,contacting,2
34102,destination,2
30714,generic,2
12023,Disney,2
44468,Mic,2
30709,"library""",2
850,ads,2
44762,sight,2
45615,"home""",2
45852,behavior?,2
16380,pay,2
31484,signal,2
29564,RMA,2
34476,button?,2
15483,peeranswer,2
34322,capture,2
31722,delay,2
16389,customization,2
29977,"Lights""",2
17136,Verizon,2
6282,button!,2
16188,First,2
35299,Reader,2
35298,Aloud,2
30372,self,2
1315,age,2
45223,spoke,2
1128,German,2
15169,A1,2
16199,Media,2
44123,reappear,2
44121,disappear,2
18125,Spoke,2
6383,disappeared,2
34588,possibilities,2
30947,rolled,2
11451,Ding,2
44085,helpful,2
17834,began,2
34824,Don't,2
11114,clean,2
1290,confusing,2
16251,Speech,2
29677,Obviously,2
34965,suggestions?,2
30823,Lately,2
34595,replacing,2
960,OFF,2
1380,hand,2
11087,tracks,2
45268,worst,2
17068,reliable,2
16262,John,2
6790,somehow,2
30985,locate,2
6261,hence,2
45358,dictated,2
33925,listens,2
31088,shortly,2
34249,series,2
16742,uploaded,2
34562,IC,2
30308,announcing,2
30951,bunch,2
15158,build,2
31280,selection,2
16226,navigate,2
16212,compass,2
29723,died,2
30845,barely,2
45754,"day?""",2
45136,continually,2
16769,suggest,2
31380,While,2
11558,"""your",2
18518,visually,2
30268,Changing,2
1419,sudden,2
11838,provides,2
15301,set?,2
31358,actively,2
30806,required,2
6397,sms,2
4905,bug?,2
17352,off!,2
29536,Friday,2
11701,addition,2
11990,Used,2
17800,overnight,2
11124,joy,2
31744,Randomly,2
6351,animation,2
11883,"Me""",2
34628,stays,2
17104,fault,2
5073,playstore,2
18168,Take,2
18123,shooting,2
11427,disappears,2
11858,supports,2
45103,interrupts,2
15292,Question,2
1301,recover,2
30294,menus,2
45563,native,2
17346,Someone,2
31621,pushing,2
31669,Room,2
31382,walking,2
45093,podcasts,2
4934,Try,2
30275,breaks,2
45747,command:,2
34912,"""An",2
31198,Harbour,2
29453,Otherwise,2
15370,says:,2
11330,Earbuds,2
30611,Say,2
634,Its,2
18362,receiver,2
45946,"""find",2
34372,thank,2
31511,Deleted,2
35059,Off,2
31418,thats,2
15087,"tv""",2
35574,thoughts?,2
30110,"microphone""",2
16850,tone,2
29588,escalated,2
15256,deactivate,2
34347,disables,2
16585,disconnect,2
45905,continues,2
6465,reappeared,2
6530,spinning,2
4613,cuts,2
30631,Doe,2
18310,connections,2
35131,3?,2
17974,Asst,2
29915,stating,2
29634,Additionally,2
31474,awaken,2
16565,remedy,2
30482,searches,2
30143,btw,2
6718,Worked,2
34509,hardly,2
45962,wiped,2
30428,"notes""",2
30583,solved,2
34441,vibrate,2
11255,muted,2
1225,Until,2
45418,During,2
31577,thermostat,2
17453,AM,2
17452,6:00,2
16103,pauses,2
898,Maybe,2
4540,AND,2
34853,Photo,2
45676,event,2
16821,drops,2
16651,intermittently,2
15242,inconvenient,2
15650,picture,2
16816,bud,2
30570,state,2
18339,person's,2
4538,WHY,2
17477,7:00,2
31171,okay,2
18019,alot,2
4539,AGAIN,2
30553,fixing,2
6702,bars,2
34778,direct,2
16623,pulling,2
45672,Typical,2
5154,slowly,2
35186,Beta,2
15068,indicates,2
6244,unplug,2
18340,voicemail?,2
16062,homescreen,2
11588,india,2
11212,23,2
34023,restricted,2
44602,Safe,2
34902,"""start",2
44365,commute,2
16469,thing?,2
35607,near,2
6761,break,2
11318,Long,2
15394,"""no",2
43719,advance!,2
45194,neither,2
31709,necessary,2
15392,returns,2
16483,Fix,2
6901,latter,2
43846,purpose,2
44618,explored,2
16937,useful,2
18431,Was,2
34903,"download""",2
5091,earlier,2
10911,together,2
6493,goggle,2
18094,silent,2
10973,shot,2
11172,December,2
29572,failing,2
5163,British,2
29826,PLEASE,2
35609,accuracy,2
45838,restore,2
6514,accessible,2
15197,Surely,2
16891,knew,2
31155,Sydney,2
29907,grey,2
11210,41,2
44900,Pandora,2
5094,toggled,2
34724,"""I",2
30908,till,2
4533,space,2
15375,An,2
35126,lockscreen,2
18082,Been,2
45693,P3XL,2
29976,Of,2
17377,premium,2
31611,individual,2
16176,floating,2
16506,Looked,2
11072,"Spotify""",2
35511,Like,2
15817,"help?""",2
44633,final,2
34716,shopping,2
30077,"speakerphone""",2
10873,adding,2
23881,kids,2
41481,pulled,2
21428,xxx,2
39704,symbol,2
8283,stream,2
5634,vision,2
33546,funcionar,2
21411,unaware,2
2896,easily,2
23880,vlogging,2
3894,"""Read",2
27279,handsfree,2
33165,12,2
33166,16,2
21490,Problem,2
41425,resets,2
23828,conflict,2
25752,Feed,2
41434,finally,2
360,New,2
41465,possibly,2
27266,before?,2
38394,squeezed,2
14130,Ukrainian,2
7730,reddit,2
37204,selfie,2
3895,"It""",2
33547,em,2
7713,we're,2
47361,office,2
37123,Sorry,2
9884,deciding,2
21261,warning,2
2205,"now""",2
46674,please?,2
3926,context,2
21238,jump,2
14260,important,2
23890,После,2
33154,intermittent,2
14206,forward,2
3910,reported,2
5791,Access,2
37172,ability,2
46697,"song""",2
21346,cut,2
7716,six,2
27326,yell,2
23883,creating,2
33536,os,2
2266,future,2
37232,Ask,2
3833,lightbar,2
25860,"""Google""",2
25855,Rolling,2
8991,scenario,2
41297,Got,2
8239,manage,2
8245,BBC,2
27116,somebody,2
27119,me!,2
21732,understanding,2
33518,funciona,2
14042,Double,2
41271,"project""",2
33503,se,2
41220,meaning,2
21823,department,2
21822,sales,2
33504,mudar,2
39832,saving,2
21802,Which,2
21789,named,2
25844,succession,2
27143,Playing,2
37247,curious,2
32390,style,2
3864,picture:,2
37251,v2,2
9758,d,2
12478,emergency,2
25785,Share,2
23780,constant,2
3438,accurately,2
33169,Date,2
5783,Apps,2
8272,defaults,2
21582,Return,2
39762,PS,2
21685,"Assistant""",2
2296,pushed,2
33524,sempre,2
23757,"""Settings",2
14071,Facebook,2
12485,ride,2
33176,erased,2
349,handle,2
21604,ones,2
21600,bedtime,2
25816,April,2
23897,звука,2
5806,free?,2
41645,Adrian,2
20833,sync,2
8926,Find,2
4003,feature?,2
41954,Nexus,2
27679,couldn't,2
41960,dropped,2
20687,можно,2
20686,как,2
20680,могу,2
20667,Я,2
20661,persons,2
13545,shortcuts,2
3387,notifying,2
27614,adjusting,2
8944,engine,2
20818,interaction,2
33633,message',2
41909,weird,2
10051,cell,2
41916,Press,2
46547,tomorrow,2
25596,States,2
4039,generally,2
20575,general,2
38502,Tap,2
7571,dictionary,2
12796,была,2
42085,Makes,2
33672,that?,2
5855,prefer,2
42094,equipment,2
25578,successful,2
5856,that!,2
32199,logo,2
25595,United,2
24050,broadcast,2
8915,recognized,2
20629,selling,2
20621,struggle,2
25593,"""English",2
46540,remind,2
7577,names,2
10105,recognise,2
36821,content,2
47399,MUSIC,2
5807,Should,2
12367,+,2
21093,door,2
3409,frustrated,2
5296,roughly,2
3954,fresh,2
21059,walk,2
3956,Success,2
27500,feels,2
25687,figured,2
7659,Den,2
41701,Version,2
21121,quickly,2
2188,issue:,2
3412,built,2
27443,aren't,2
41666,unfortunately,2
14299,November,2
7683,learning,2
39642,screens,2
37045,led,2
21022,happy,2
41769,distorted,2
41851,citizen,2
36942,newly,2
27592,instruction,2
20886,Google?,2
41869,Many,2
36985,forgot,2
25681,replying,2
20993,OEM,2
20960,adapter,2
14365,insert,2
23924,ничего,2
20937,repair,2
41809,Australia,2
27016,advised,2
39845,Google!,2
13632,sharing,2
23259,Hub,2
26409,фразой,2
26189,recognizing,2
40562,Poland,2
23281,recommendations,2
47230,GAsst,2
22714,"songs""",2
13703,anybody,2
26423,то,2
2594,imagine,2
40590,System,2
23283,checking,2
47063,view,2
26393,день,2
23204,form,2
13640,vpns,2
40485,appreciated!,2
23223,dark,2
26394,При,2
2734,orders,2
8089,entered,2
47224,"""send",2
3637,plug,2
33356,conversations,2
22530,changes,2
2574,spells,2
22564,compatible,2
2565,browsers,2
26150,white,2
8122,shield,2
23410,now?,2
26467,его,2
26128,7pro,2
26455,включается,2
26451,что,2
38106,"Self""",2
9389,'play,2
26177,here's,2
9387,move,2
26154,OnePlus,2
32651,WORK,2
26381,поиск,2
22989,Netflix,2
22987,Dark,2
22986,"""Sure",2
3603,you'll,2
47144,Sends,2
47202,useing,2
47133,Command:,2
26321,С,2
13548,lens,2
23076,Software,2
40319,amp,2
47132,Custom,2
32601,release,2
26369,я,2
13517,texting,2
40432,Yelp,2
40438,Set,2
13624,private,2
22925,terms,2
9265,wrong?,2
22928,apply,2
8062,initial,2
26285,album,2
7831,scratch,2
33453,Fred,2
37494,Cant,2
33475,''hey,2
13938,cards,2
23634,interval,2
2416,here:,2
13945,devices?,2
5780,Two,2
9562,receiving,2
13947,Bank,2
26857,Screening,2
37401,homes,2
39855,goo,2
126,everyday,2
3797,designed,2
8221,interference,2
27005,site,2
2378,configured,2
3779,unreliable,2
13348,fix?,2
26884,nobody,2
26893,human,2
3796,poorly,2
21930,vehicle,2
33455,Sally,2
26474,версия,2
37588,encountered,2
13832,pantalla,2
40791,gen,2
40798,sports,2
3505,playlists,2
2520,SIM,2
39976,Tesla,2
40841,incognito,2
8016,motorcycle,2
22326,Checked,2
23490,paused,2
2778,dad,2
13823,Mi,2
23471,Headset,2
22304,following:,2
13404,"""open",2
7973,ensured,2
37622,indicate,2
40953,external,2
38236,sits,2
22299,idle,2
23556,Already,2
37656,variant,2
13410,"spotify""",2
23584,creates,2
37631,<,2
12324,ellipsis,2
26329,из,2
3128,reject,2
39148,"""ding""",2
19433,stated,2
36106,95%,2
38789,P,2
1706,decide,2
24676,minimize,2
42949,Updated,2
24638,confirms,2
25235,water,2
14710,posso,2
39158,"music""",2
5944,possibility,2
14732,il,2
38802,leaving,2
43135,crack,2
19264,"""can't",2
12259,'cap',2
25136,galaxy,2
35998,ran,2
36040,flat,2
14734,ho,2
24766,popup,2
5220,There's,2
32954,!,2
19306,field,2
43083,scaricare,2
28847,faulty,2
8481,Vodafone,2
28688,ring,2
10402,flip,2
8746,visual,2
32940,Hotmail,2
28478,recognises,2
28453,detected,2
7269,50,2
19773,orientation,2
14670,tutto,2
19761,stretched,2
19752,"screenshot""",2
14672,ma,2
25345,relevant,2
14694,Ho,2
28646,this:,2
42875,announced,2
46270,die,2
42120,interested,2
10435,pain,2
28604,wide,2
38975,Billy,2
24948,offensive,2
33892,stupid,2
38976,Joel,2
43501,rooted,2
38973,Man,2
29144,nag,2
43431,experimenting,2
29152,nags,2
43443,caches,2
14902,bills,2
31827,lift,2
38982,Piano,2
14931,minis,2
12898,05,2
18587,google',2
18586,'hey,2
24990,typing?,2
609,reacts,2
29288,idea's,2
47609,Changed,2
35718,fingerprints,2
38959,GPM,2
24967,Offline,2
24965,Typing,2
24999,profanity,2
35791,index,2
4390,Galaxy,2
19102,exchange,2
14817,bill,2
3222,phones?,2
1616,London,2
19111,investigate,2
19191,why?,2
46159,prompts,2
19139,pixle,2
25034,cord,2
12212,iOS,2
35798,fingerprint,2
43419,"""Set",2
43380,"""Wake",2
577,particular,2
31851,public,2
19631,capability,2
42228,Musicolet,2
36526,Airplane,2
1891,Alisson,2
481,roll,2
42437,Nadine,2
20375,S,2
28039,Air,2
451,আমার,2
452,পাসওয়ার্ড,2
14644,ha,2
488,"""roll",2
25418,desk,2
12304,quote',2
25383,'Updates',2
14590,literally,2
7510,issues?,2
42416,"""Get",2
1909,Messenger,2
24233,tengo,2
5885,react,2
442,মোবাইল,2
42594,Cantonese,2
36366,"selfie""",2
14665,nuovi,2
45546,admin,1
32646,DOESN'T,1
13541,"help""",1
15723,WITH,1
15442,Landcruiser,1
47398,LOCAL,1
47580,Interesting,1
13161,"""4",1
12798,том,1
45549,Listening,1
11937,illumination,1
45556,Ignoring,1
12645,"*artist*""",1
15441,Toyota,1
32657,EVERY,1
12894,uploads,1
31253,horrible,1
34263,Country:,1
47581,observation,1
15389,"""download""",1
5432,extensively,1
12914,08,1
47194,Change,1
31256,sounding,1
5057,companion,1
32658,TIME,1
47416,"""Downloaded",1
47233,"""Oops",1
13177,enabled?,1
32648,YET,1
12790,функция,1
174,id,1
12789,раньше,1
47588,job,1
15731,f#cks,1
47228,"'name'""",1
791,lines,1
45547,console,1
32653,MY,1
5602,CAN'T,1
15395,"connection""",1
12890,9to5google,1
32652,FOR,1
12802,а,1
34265,Android:10,1
12900,jpg?quality=82&strip=all&w=1600,1
45552,blaze,1
13150,'HeyGoogle,1
33265,fell,1
12799,числе,1
47607,Socail,1
13163,"""Send""",1
32650,WOULD,1
12801,русском,1
12793,скриншот,1
32856,"""assistant""",1
32857,capability?,1
12803,теперь,1
47402,Pixel!,1
47195,vouce,1
12909,xda,1
12805,исчез,1
12795,мой,1
34262,GoogleFi,1
47198,Searched,1
15724,CUSTOMERS,1
47417,"Only""",1
47579,PS:,1
47400,LIBRARY,1
12899,google_assistant_car_1,1
47589,decoding,1
47208,recovering,1
34258,Device:,1
34261,Carrier:,1
15440,2012,1
12910,developers,1
47226,msg,1
13498,assistant!,1
31334,Regards,1
12804,просто,1
45558,propaganda,1
34286,applies,1
15463,A5,1
13072,answered,1
34223,this???,1
47526,tama,1
5506,band,1
47300,isolated,1
5448,irrigation,1
32908,difference?,1
12826,recomended,1
47522,TS,1
47304,msging,1
108,inclusion,1
47352,chose,1
31386,cellphone,1
13078,statement,1
32750,instructed,1
5504,sari,1
5633,His,1
11899,3a?,1
5584,keypin,1
31389,coat,1
134,retrieve,1
32728,now!,1
6180,facts,1
47472,desired??,1
12709,blanks,1
5558,it'a,1
15703,froze,1
5447,Rachio,1
47292,'name',1
5508,h,1
6182,jokes,1
31276,selectable,1
32810,revert,1
5507,karna,1
13309,interpreter,1
5503,ki,1
13480,Pro,1
5502,bf,1
33184,redid,1
5498,Sir,1
13286,desperate,1
34234,smoothed,1
31379,sensitivity?,1
13270,"""owner""",1
5636,diminished,1
32787,queries,1
5569,"""ring",1
45575,M,1
11907,"say""Hey",1
12748,unlinking,1
13281,"account""",1
12836,suddunly,1
15677,Talk,1
45508,talked,1
12753,linking,1
32799,highlighted,1
47503,learn,1
33167,19,1
47508,use?,1
5501,par,1
13304,translate,1
13258,configuration,1
32760,NOTHING,1
47319,Making,1
31301,trawled,1
13296,tip,1
45582,commuting,1
31371,unintentionally,1
31381,winter,1
5499,hamare,1
47501,Shouldn't,1
12706,fills,1
32723,loss,1
47362,voip,1
45596,midnight,1
33230,highway,1
12665,artist,1
33227,exiting,1
47253,"""Huh",1
31401,dialing,1
13454,consistantly,1
12934,grand,1
33033,suppose,1
47568,Definitely,1
31399,false,1
13131,sec,1
47567,AI?,1
12873,layout,1
31398,avoid,1
33038,radar,1
13198,flashy,1
13463,actualy,1
12786,может,1
32855,overall,1
12806,переключатель,1
31357,overly,1
13478,Mate,1
47239,"again?""",1
45614,"""at",1
45535,concerned,1
13477,Huawei,1
12921,Few,1
12920,jpg,1
15474,unexpire,1
12787,вызвать,1
32853,performance,1
47574,typing!,1
13468,playing?!,1
33040,covered,1
5555,faint,1
13280,"""sub",1
803,annoy,1
32714,SUPPORT,1
15711,screaming,1
32715,DIDN'T,1
32717,AT,1
13216,migration,1
33052,prevents,1
15710,b*tch,1
47550,improving,1
828,hadn't,1
34298,duration,1
5444,Rokus,1
45526,Hardware,1
32718,ALL!!,1
12863,randomly?,1
33051,surface,1
13109,note9,1
47560,typing???,1
32847,loaded,1
5443,Outlets,1
32848,locally,1
45602,Couldn't,1
12810,найти,1
12784,больше,1
13418,b,1
5619,unlock?,1
45530,Gsuite,1
47267,msgs,1
13122,confirming,1
5621,husband,1
12870,4a's,1
32955,Looking,1
34273,ringtone,1
47406,ALREADY,1
33510,não,1
12633,*artist*,1
33771,Unbelievable!,1
14622,"text""",1
14628,Salve,1
46387,ctubus,1
33770,worked!,1
14634,Fino,1
14636,ieri,1
489,"dice""",1
46429,Brand,1
14638,mio,1
14641,funzionava,1
14642,perfettamente,1
46371,"forward""",1
14645,già,1
46367,"""go",1
14620,"""talk",1
14619,ie,1
12281,'all,1
34033,Opening,1
32042,usbc,1
12282,caps',1
33752,offshore,1
15160,RP1A,1
683,Played,1
15161,201005,1
33749,outsourced,1
15162,004,1
45870,Pixle,1
32069,fingure,1
12290,quotes,1
32094,reconnect,1
33738,described,1
14646,chiesto,1
46365,"""YouTube""",1
12276,caps,1
46317,v8a,1
31646,"lights""",1
33799,restriction,1
14676,scarica,1
14675,su,1
14674,clicco,1
46303,unacceptable,1
14673,quando,1
14669,qui,1
31644,dining,1
15134,17,1
34017,'remember,1
34019,option',1
14668,fin,1
46314,232095665,1
14664,occorrono,1
14648,passato,1
33784,explained,1
33782,waa,1
14662,"""all",1
46333,spelt,1
14659,Ora,1
46338,!!,1
495,"die""",1
494,sided,1
31625,"""OFF""",1
14658,correttamente,1
14657,eseguiti,1
34029,Lock,1
14654,li,1
14652,aggiornamenti,1
46422,advise?,1
14580,packs,1
33631,'what's,1
45833,installing;,1
12343,question!,1
6080,feedbacks,1
15201,ship,1
33673,Really?,1
6078,submitted,1
14488,slower,1
12328,'ellipsis',1
33735,assistant',1
15194,~,1
15192,agents,1
33684,brings,1
14505,messenger,1
32186,counting,1
46504,Assist,1
46543,[task],1
33661,opposite,1
46546,o'clock,1
5837,Microsoft,1
34059,—,1
5834,Cortana;,1
33645,decides,1
15205,capable,1
34062,But…,1
46563,reminded,1
5126,you!!!,1
15209,ageing,1
15210,Pixel2?,1
33637,lookout,1
5833,installing,1
12363,Matching,1
45814,exhibit,1
15185,responsible,1
12110,device?,1
14527,adds,1
12301,'quotes',1
33734,'old,1
15166,RD1A,1
464,amount,1
14566,Reinstalled,1
32128,"xxx""",1
45859,saya,1
45858,akun,1
45857,mengambil,1
45856,cara,1
15167,200810,1
32141,"hear""",1
14558,hundred,1
15168,021,1
12300,'quote',1
12303,'open,1
5868,vehicles,1
32147,"you?""",1
454,দেন,1
33702,Assistant',1
33701,'New,1
453,পাঠিয়ে,1
449,গেছি,1
448,ভুলে,1
12305,'close,1
12307,unsuccessfully,1
447,নাম্বার,1
14541,"typing""",1
444,গেছে,1
443,হারিয়ে,1
14539,"""faster",1
14679,"""si",1
46290,exclamation,1
46287,are:,1
14861,LAST,1
12143,"background""",1
46121,Sim,1
46120,Portuguese,1
45979,avenue,1
14856,combed,1
630,Scrolling,1
14862,month's,1
34005,valid,1
14863,billing,1
12222,formatting,1
45988,XT1635,1
579,Micro,1
14873,overdue,1
14875,"""reminding""",1
12231,guide,1
632,freezing,1
14833,frantically,1
31698,Yesterday,1
33860,demise,1
15067,7498991,1
33853,'Okay,1
14815,unpaid,1
12238,Specifically,1
5968,leaves,1
5211,Wish,1
14807,popped,1
12246,to:,1
5153,ridiculously,1
14793,rattle,1
12138,"""Messages",1
14792,slight,1
31840,waits,1
14896,combing,1
12145,typically,1
33895,no?,1
5186,Right,1
14983,calls?,1
14979,prioritize,1
15000,Stupid,1
15001,cunt,1
14960,happening?,1
33928,keywords,1
33933,experts,1
46051,holidays,1
6022,originally,1
5195,dyslexic,1
33899,ridiculous,1
31809,disappointing,1
14941,"Bob""",1
31813,include,1
6031,patches,1
15020,supervisor,1
46067,at&t,1
46068,sim,1
15021,Asked,1
6023,hoped,1
12153,remains,1
31736,app?,1
14919,again?,1
33886,selection?,1
5172,woman,1
6025,it'd,1
46088,Portugal,1
14900,regurgitating,1
6030,monthly,1
46161,Factory,1
12248,capitalize,1
14784,volumes,1
14701,Come,1
14713,l'assistente,1
14712,utilizzare,1
14711,nemmeno,1
45939,"Device""",1
5942,eliminates,1
45937,"""Find",1
14708,aggiornare,1
14707,potendo,1
5225,Where's,1
31668,Dining,1
14705,perchè,1
14704,Anche,1
15099,CEC,1
14703,risolvere?,1
14700,niente,1
15092,Ultra,1
14698,aggiornato,1
14696,l'app,1
46261,damn,1
14695,reinstallato,1
31943,"""problem",1
14691,provato,1
12129,Periodic,1
14689,"riprova""",1
5226,Jamaican?,1
14686,essere,1
14684,assicurati,1
15111,Fails,1
14683,errore,1
14681,verificato,1
46235,Waste,1
14716,avendo,1
14783,high,1
46203,Украина,1
638,3gb,1
12251,letter,1
31901,Activity,1
6045,proximity,1
46170,bringing,1
14775,rattling,1
5218,Jamaican,1
639,chinese,1
12261,'capitalize,1
12262,',1
12269,'capitalize',1
14737,pixel!!,1
14735,acquistato,1
14733,quale,1
46204,пыталась,1
5224,Canadian,1
46205,поменять,1
46207,Россию,1
31925,Activity?,1
46210,помогло,1
46212,Aristo,1
14730,funzioni,1
14729,delle,1
14728,una,1
5947,accoustic,1
14726,questa,1
14724,che,1
14723,visto,1
14722,bello,1
14721,molto,1
5124,help???,1
46581,reminding,1
31426,shuts,1
13822,package,1
740,remain,1
5768,verbally,1
13814,smoothly,1
46971,Case:,1
33417,"month""",1
33418,Again,1
6111,wildly,1
47020,XL's,1
13828,deja,1
13829,tomar,1
32446,Gesture,1
13830,capturas,1
45706,responds:,1
45707,"""here",1
32450,Yet,1
46980,Before:,1
262,accessability,1
32452,advertised,1
13803,pix,1
33410,sate,1
46991,Now:,1
5757,adjusted,1
13794,lighting,1
33407,consitantly,1
6112,inaccurate,1
32479,"timer""",1
5750,eyes,1
5368,"""wake",1
32496,00h00m00s,1
5370,"up""",1
5736,verbal,1
5769,confirm!,1
46954,reattempting,1
46952,loads,1
32426,Battery,1
46877,alter,1
32409,agent,1
13921,worried,1
45725,"""Show",1
46886,necessarily,1
13912,gift,1
33456,Whats,1
15328,2:,1
13896,48,1
13890,"soon""",1
32418,En,1
13879,"""hello",1
31513,Retrained,1
5775,"""Apps",1
12563,pre,1
33426,todays,1
46915,twenty,1
13860,Spekars,1
33443,Beauty,1
46921,Unable,1
33440,Stores,1
33439,Fred's,1
13850,EYEWEAR,1
13849,OF,1
13848,SCREENSHOT,1
45712,"requested""",1
13843,permiten,1
13842,lo,1
13840,organización,1
15334,"""The",1
31483,button's,1
45691,tablet,1
15213,fracture,1
47120,"Pixel?""",1
32604,number:,1
32603,Serial,1
13603,signs,1
12623,Artists,1
13606,IP,1
32600,6015823,1
13608,exposed,1
31481,physical,1
13609,brave,1
33305,aftere,1
47116,"""Did",1
45662,P3XL's,1
47109,Pixel?,1
13615,ion,1
47143,Pixels?,1
32605,98241FFBA00ACL,1
47150,"""and",1
32606,Description:,1
15377,occurred:,1
13585,Bad,1
47157,"Pixels?""",1
13582,Running,1
32608,READ,1
13576,forced,1
32613,MANY,1
31432,indeed,1
32614,TIMES,1
32627,"speaker""",1
47180,conversation?,1
5696,unninstalled,1
15384,"retry""",1
32598,012,1
32597,191205,1
13629,apple,1
13690,computer,1
45688,machine,1
5723,felt,1
45686,Win,1
47032,made?,1
45685,Chromebook,1
5719,Mobile,1
5717,Windows,1
6118,incorrect,1
47046,actives,1
47048,routine?,1
13697,protection,1
226,haptic,1
33350,hecked,1
13693,dads,1
5711,rendering,1
33313,Steps,1
5387,"X""",1
5388,Weirdly,1
45674,Create,1
47068,routines?,1
45673,scenario:,1
13665,we’re,1
32590,21781845?msgid=21781845,1
13660,careful,1
31458,earset,1
32591,Build,1
32592,info:,1
32593,coral,1
32596,QQ1B,1
5400,zero,1
31524,acitvate,1
33471,list?,1
5779,"Communicate""",1
12444,plus,1
5333,"""in",1
15267,dies,1
14167,grayed,1
34097,jam,1
34096,traffic,1
45783,page;,1
12443,G7,1
13934,Tell,1
33551,qualquer,1
33552,problema,1
33555,frustante,1
32373,stop?,1
32367,world,1
14271,GB,1
46707,nightmare,1
45779,Chomebook,1
12459,wont,1
46711,Tim,1
46712,Burton,1
14150,language?,1
33542,têm,1
365,glowing,1
34100,telephone,1
33540,telemovel,1
14124,ग्रीफन,1
14123,is!,1
33538,amigos,1
33537,meus,1
357,spam,1
46738,"game""",1
33535,todos,1
33578,TuneIn,1
12093,proprietary,1
383,acount,1
33618,classic,1
45811,Mini's,1
5285,sad,1
14384,"""calling",1
32254,logs,1
33627,contact],1
45808,Hubs,1
34077,permitted,1
33626,[my,1
12374,Nada,1
46596,arbitrary,1
32262,ETA,1
14356,deep?,1
14355,buried,1
14353,obscure,1
15220,countries,1
5306,cutting,1
33617,Nintendo,1
31574,Harmony,1
396,up???,1
14341,skill,1
393,att,1
31573,switches,1
14334,boards,1
14329,references,1
14318,"screenshot""?",1
33605,readded,1
46638,"""Done""",1
5817,Apps?,1
46646,Swipe,1
32312,stories,1
14105,icons,1
15278,Vocal,1
14100,twice!,1
13978,state?,1
33512,disponível,1
33511,está,1
336,departed,1
12171,critical,1
33508,diz,1
46811,device's,1
33501,ingles,1
15302,Regarding,1
46815,Us,1
731,reconfigured,1
12518,dutch!,1
12522,Netherlands,1
15309,look:,1
33492,continua,1
13967,card?,1
33514,esta,1
33486,Tenho,1
33485,404,1
33484,mobile'',1
13960,once?,1
15317,"languages""",1
46852,Increase,1
13953,payment?,1
13951,accept,1
46860,decrease,1
15324,italian,1
34127,driving?,1
12539,'tell,1
33478,Fred'',1
45727,"agenda""",1
14046,"hold""",1
12500,"""F1""",1
14098,repeats,1
33525,erro:,1
14096,activate!,1
33533,"momento""",1
14094,"tap""",1
14093,"""double",1
45763,irritating!,1
33532,neste,1
33530,ao,1
33529,aceder,1
33528,possivel,1
33527,é,1
12075,baffled,1
46758,players,1
33526,"""não",1
34110,late,1
12488,virus,1
46785,"""1""",1
347,Letting,1
46768,puts,1
12493,fiction,1
33523,dá,1
46773,proper,1
33522,mas,1
15293,1:,1
33517,disso,1
33516,Apesar,1
34111,So…,1
725,somewhere?,1
46781,"""One""",1
33515,linguagem,1
46784,print,1
450,প্লিজ,1
24989,Regular,1
15738,forever,1
9543,crackles,1
22186,sur,1
40942,irrelevant,1
26665,clicked,1
22172,headphones?,1
22170,Might,1
40956,youtube,1
22169,secands,1
22167,dropping,1
22163,watsapp,1
9534,flips,1
9536,upper,1
40970,–,1
26706,phonecalls,1
9541,microsecond,1
37564,October,1
7974,voicematch,1
26749,concentrate,1
9551,crackle,1
37558,functioning,1
40998,shielding,1
7946,Map,1
26757,bus,1
22097,"""Settings""",1
22092,Clicking,1
22091,4!,1
37551,Messages,1
26779,tether,1
9570,"""auto",1
9571,"screening""",1
22071,silly,1
40937,query,1
40930,gf's,1
26395,использовании,1
22309,Uninstall,1
37698,notification?,1
2514,cross,1
2506,cleaning,1
22352,'woken',1
8033,safely,1
9476,costs,1
9477,350,1
9478,dollars,1
37676,Swedish,1
22325,toggles,1
9486,Russia,1
2487,resolution,1
40862,realize,1
40867,server,1
22305,Clear,1
2461,guides,1
9497,wrote,1
9499,appeal:,1
37668,"selected""",1
37667,you've,1
40890,Plus,1
37655,"""latest",1
9506,consisting,1
40893,odd,1
37654,notification:,1
9516,compress,1
22232,'OK,1
7993,unlocky,1
2466,揚聲器無聲,1
26626,fonctions,1
37530,sincerely,1
41040,everyone!,1
2424,85636703?hl=en&msgid=91776002,1
37423,depending,1
21931,😂,1
41142,Totally,1
41143,weird!,1
21927,traveling,1
21917,4g,1
21916,3g,1
37430,closer,1
37429,clearer,1
41158,obvious,1
41159,choice?,1
26928,Dutch,1
21903,Motorola,1
37425,whichever,1
41166,Hi!,1
37420,completing,1
22049,"""attention""",1
41172,relation,1
7864,mach,1
3803,properly?,1
41181,Pixel3,1
37402,spring,1
26976,knowledge,1
7845,sporadically,1
41197,puzzling,1
21856,reckon,1
9630,applied,1
37381,region?,1
21848,shopped,1
37380,Ukraine,1
21842,surprised,1
26910,creepy,1
41133,News,1
41130,resurrects,1
21946,User,1
3762,perhaps,1
26806,noisy,1
26807,environment,1
26813,dangerously,1
22036,"""actions""",1
26830,harmony?,1
41060,super,1
7902,heating,1
26837,"""un",1
26838,"setup""",1
22012,clarify,1
7900,Speaker,1
41075,let's,1
7899,How?,1
41078,pm,1
2415,comment,1
2414,simliar,1
41086,Deezer,1
2411,97173531?hl=en,1
41089,Pixel's,1
21995,personalization,1
21991,Under,1
9588,unwanted,1
21983,whereas,1
41103,is:,1
3780,unsatisfying,1
26872,voicing,1
7879,recognising,1
37449,'listening',1
40816,score,1
8039,gloves,1
40812,Scores>a,1
26431,например,1
22709,tapped,1
26420,вам,1
26421,это,1
26422,чем,1
26424,поможет,1
40592,Gestures,1
40593,>Active,1
37830,Minis,1
26426,запустить,1
37826,broadcasting,1
26428,заблокированного,1
26429,экрана,1
40603,"sensitivity""",1
40607,"silence""",1
22665,way!,1
22616,agan,1
37812,Dog,1
40621,"assistant""",1
22659,"playing""",1
22658,"""now",1
40625,disappeared!,1
26436,задать,1
22646,helpme,1
22645,pls,1
26437,поисковой,1
26438,запрос,1
22639,inmy,1
22638,instteling,1
9392,routine's,1
26441,пусть,1
40577,searchbar,1
22711,"""add",1
22716,seemingly,1
40572,Bring,1
22804,first?,1
40502,21,1
22803,Contacts,1
9315,*radio,1
26398,так,1
22792,Sales,1
9316,station*,1
26400,отрабатывает,1
40516,Service,1
40517,Framework,1
26401,без,1
26402,ошибок,1
22782,"Rackspace""",1
26403,Проблема,1
40525,July,1
40528,Hong,1
40529,Kong,1
22763,"""Rackspace""",1
40531,Emidiatly,1
26404,наблюдается,1
26413,момент,1
26414,когда,1
26415,телефон,1
40555,Germany,1
40558,Markt?,1
26416,заблокирован,1
26417,Так,1
40564,UPD:,1
37844,Reboots,1
26443,отработает,1
26445,первые,1
40811,Feed>Search,1
22425,AOD,1
26475,ос,1
26476,последняя,1
9438,Normal,1
22455,hoping,1
40751,awkward,1
9439,trap,1
22452,ideas;,1
26478,приложения,1
26479,все,1
26480,автоматически,1
26481,обновляется,1
40761,quick,1
9443,processing,1
22429,encountering,1
26483,уважением,1
26448,секунд,1
26484,Леонид,1
22422,idling,1
37740,BR,1
9448,guy,1
37735,anyway,1
22412,listening',1
22411,'stops,1
9451,twist,1
9457,crackling,1
37712,"""latest""",1
3697,"""please",1
22374,Max,1
3698,"wait""",1
8041,Trusted,1
37758,128gb,1
26473,Последняя,1
9431,amplifying,1
22489,Almost,1
40659,"""""Squeeze",1
40662,"assistant""""",1
26450,слышно,1
40670,Gear,1
40671,S3,1
26453,проговаривает,1
22586,occured,1
26454,Звук,1
22578,Ensured,1
26457,указанное,1
26458,время,1
22558,Are,1
9412,noticeable,1
22554,interacts,1
26462,выдает,1
26463,длинное,1
40700,overriding,1
26464,предложение,1
22523,Launcher,1
26465,ты,1
22522,Big,1
26466,слышишь,1
22513,senior,1
40716,Anybody,1
22511,legally,1
22505,mom,1
22497,Merci,1
26468,концовку,1
26469,Телефон:,1
21840,equally,1
27010,completed,1
21831,products,1
21085,things:,1
2176,ceiling,1
3948,webpage,1
7677,complicated,1
21138,newer,1
37048,belive,1
41688,meeting,1
27466,squeezes,1
37044,verizon,1
37037,anwer,1
41703,Download,1
37035,commonands,1
21088,front,1
37034,"reject""",1
37032,"""accept",1
37031,Samsung's,1
41775,lack,1
37029,depended,1
37026,partially,1
37024,don,1
37022,wits,1
21061,dog,1
27494,expert,1
37016,org,1
3959,lived,1
41742,iPhone!,1
9968,splitter,1
3966,outstanding,1
21004,microphones,1
41771,borderline,1
41772,demonic,1
37060,Unfortunately,1
7684,disability,1
3946,Voila!,1
9925,apparent,1
27389,quality,1
9890,inappropriate,1
9891,TY,1
9898,Solving,1
41609,et,1
27401,speakers?,1
7694,𝓪𝓷𝓰𝓮𝓵𝓶𝓪𝓻𝓲𝓪𝓷𝓯𝓻𝓪𝓷𝓬𝓲𝓼𝓬𝓸15,1
27411,profile?,1
7693,𝓪𝓬𝓬𝓸𝓾𝓷𝓽,1
9903,Similar,1
7692,𝓲𝓷,1
21208,outfit,1
3933,desperation,1
7691,𝓼𝓲𝓰𝓷,1
41630,music?,1
2193,"""You're",1
27427,pointed,1
41638,strange!,1
7690,𝓒𝓪𝓷𝓷𝓸𝓽,1
21197,Bluetooth?,1
41643,Best,1
41644,regards,1
37082,sight?,1
41647,thans,1
7689,complex,1
37080,relief,1
27434,HD,1
27439,Oreo,1
21164,canceling,1
27525,units,1
3968,fo,1
3920,kinds,1
2060,documents,1
20786,Received,1
36907,Disconnecting,1
36906,hassle,1
27639,20%,1
20769,internal,1
20765,months!,1
36897,Minimizes,1
27642,YELLS,1
2076,Plc,1
27648,reduce,1
7608,contacts?,1
20736,pose,1
7602,spellings,1
20719,More,1
36859,reloading,1
27539,out?,1
41964,cracked,1
20690,пофиксить,1
20689,её,1
20685,пожалуйста,1
20684,подскажите,1
20683,проблему,1
20682,эту,1
20681,исправить,1
20678,Никак,1
20675,запускал,1
20673,чтобы,1
20670,настроить,1
20657,freezes,1
7587,"""Shawn""",1
20796,Adsense,1
27630,bed,1
41885,phrasings,1
27627,winding,1
27550,pairing,1
27552,quality?,1
41794,Talkback,1
9995,shout,1
20932,zip,1
2110,simultaneously,1
3972,Iet,1
20923,Luck,1
20920,wiping,1
41817,AU,1
2107,sets,1
3977,became,1
20899,craft,1
20898,mind,1
20892,grandson,1
3978,disfunctional,1
20865,animations,1
27594,dimming,1
36930,coworker,1
27607,Part,1
41855,refund,1
41859,lawsuit?,1
36926,Assistent,1
41868,them!,1
41871,Amir,1
27613,involves,1
41873,Scoured,1
27624,Tonight,1
10031,"call""",1
27388,poorer,1
37122,"xxxx""",1
21829,feline,1
27187,Sharing,1
7786,indicating,1
7784,“beep”,1
41326,squezing,1
9707,appearing,1
27173,minimal,1
41332,sensetivity,1
21682,"""squeeze",1
27175,sucks!,1
7773,can’t,1
21662,erratically,1
21661,acting,1
41347,lowest,1
37280,"""Orange""",1
3858,Second,1
41358,sit,1
9763,Our,1
3861,'lightbar',1
41366,touched,1
9737,5G?,1
41373,sensors,1
37260,not?,1
27202,'Share,1
27203,Screenshot',1
21588,Whether,1
9746,regard,1
21581,Nm,1
27210,ANYWHERE,1
21580,louk,1
21579,Fingar,1
27216,'share,1
27123,Joey,1
7793,waking,1
9684,BUY,1
21746,Safety,1
37372,gmaps,1
41219,yesterdays,1
21817,kitty,1
21815,call:,1
27045,VS,1
21805,proceeding,1
21801,"Kitty""",1
9660,Mine,1
21797,"say""",1
9664,Stop,1
21790,"""Kitty""",1
27051,assistant:,1
9667,Master,1
21783,Let's,1
27055,Voila,1
21782,Example:,1
41266,Wunderlist,1
21775,"book""",1
21774,"""telephone",1
27065,Dutch?,1
21766,stored,1
27089,option:,1
9681,typed,1
21752,"""Allows",1
21751,states:,1
9682,WANT,1
7799,“Hey,1
21748,Regulatory,1
9683,TO,1
27217,screenshot',1
7754,Beep,1
2209,performs,1
27312,"""Try",1
41490,nhi,1
41491,khul,1
41492,rha,1
37189,Won,1
21417,carry,1
3890,failure,1
7726,Seen,1
27293,four,1
21394,carried,1
37176,tonight,1
27303,subsequent,1
9846,BUT,1
21360,sssistant,1
41527,started!!,1
27314,'what,1
27223,shares,1
27317,"do'?""",1
7718,eight,1
41550,faults,1
21312,mark',1
21311,'question,1
27337,procedure,1
2216,want:,1
27341,Xperia,1
21298,neurological,1
41563,puzzled,1
27342,XZ2,1
9875,Covid,1
9878,children,1
9879,schooling,1
27285,launches,1
41488,ka,1
41487,facelock,1
21429,xxxx,1
27230,NOWHERE,1
27231,ELSE,1
27235,terrible,1
37234,quesion,1
7745,11?,1
9768,Amber,1
9769,Alert,1
37231,"reset""?",1
2262,corrected,1
27238,"""improve""",1
7744,Perhaps,1
9773,child,1
21516,muting,1
37228,"""try",1
27245,update!,1
27252,clickable,1
3876,pakiet,1
27267,Audi,1
21480,unlocks,1
27268,MMI,1
27269,3G,1
27271,2014,1
7731,suggesting,1
41460,somewhat,1
41461,suspicious,1
41466,indicative,1
37199,x,1
21437,dials,1
27282,source,1
9307,bottom?,1
26392,следующий,1
7584,"""Shaun""",1
38550,hooked,1
3016,'Ok,1
3013,wherever,1
8385,initiate,1
25500,wait?,1
38574,mainly,1
25518,'it's,1
38559,10c,1
38558,Sena,1
8861,accessed,1
8372,"""Alright",1
39437,Either,1
38556,helmet,1
2994,reason?,1
25526,"Korea""",1
39449,invalid,1
24227,los,1
39454,letting,1
8876,rightfully,1
25546,"""español",1
25547,España,1
24141,Podcasts,1
8357,WTF?,1
25559,"""while",1
25560,"driving""",1
39478,مشكله,1
39479,في,1
39480,ميكرفون,1
39481,هاتف,1
39482,بيكسل,1
3372,optimize,1
24224,Como,1
39394,essentially,1
26390,вернулась,1
25419,'inbox',1
25373,Stocks,1
25374,Upcoming,1
25375,flights,1
25381,supplied,1
38654,motorcycle?,1
24357,posted,1
8802,ringing,1
25406,Icon,1
24342,henceforth,1
24337,"""wake""",1
38635,moving,1
25412,meant,1
25414,be?,1
25417,school,1
25425,it??,1
24228,servicios,1
39351,Starting,1
25443,Updates,1
8401,F#$!'d,1
24269,O,1
25455,wall,1
3029,copies,1
39378,Lithuania,1
24241,aplicaciones,1
24240,instale,1
24237,impide,1
24236,esto,1
8395,5200,1
8394,Plantronics,1
39392,ever?,1
39486,heavy,1
39487,object,1
24100,voice?,1
8287,station?,1
23915,принял,1
23914,даже,1
23913,помогает,1
8299,observations!,1
23911,Ничего,1
23910,проблемой,1
39636,cm,1
23909,такой,1
39639,obstructing,1
38425,steps:,1
23907,мне,1
23906,Помогла,1
23905,видео,1
39652,Basecamp,1
23896,записи,1
3379,caption,1
23894,микрофон,1
23893,мая,1
23891,обновления,1
2899,file?,1
3416,Managed,1
23888,tiktok,1
23885,vlogs,1
39683,strips,1
2897,extractable,1
23877,reupload,1
23875,upload,1
23872,former,1
23867,engineers,1
23864,alongside,1
23916,участие,1
39622,ultra,1
39620,vodafone,1
23918,бета,1
24090,unlocking?,1
8900,Appreciate,1
39508,easiest,1
24058,exist?,1
39523,interconnected,1
24029,"news""",1
24027,"""pause",1
39536,instructs,1
24000,solutions?,1
8937,block,1
38470,transcribing,1
23977,Activating,1
39562,estimate,1
38467,upwards,1
38464,movement,1
23958,Exit,1
38459,item,1
25636,Hear,1
23954,Allow,1
8949,tabs,1
38457,transcribes,1
23947,slide,1
25638,temperture,1
8307,"""cards""",1
23926,изменилось,1
23923,обновлением,1
23922,новым,1
39616,Switch?,1
23919,тестировании,1
39302,"etc""",1
25371,Weather,1
8788,md,1
24850,stalls,1
24914,5th,1
24913,april,1
8603,folks,1
24901,slate,1
25063,displaying,1
24887,zeroing,1
25099,bing,1
8611,choices,1
38856,VLC,1
24869,"activity""",1
24866,"""web",1
24853,pulsating,1
3153,Read,1
25118,uasally,1
38844,unmute,1
24769,stroke,1
24844,Conclusion,1
38842,cashed,1
24835,Head,1
38841,Clar,1
39075,stock,1
24831,unexplainable,1
39078,root,1
39080,mods,1
24827,Super,1
3228,contemplating,1
8526,temperature,1
8635,troubleshooter,1
25152,"""fixes""",1
24775,proceed,1
38887,screen;,1
38888,ie:,1
39011,queued,1
24920,gals,1
8576,regretfully,1
24992,worries,1
38928,aux,1
24995,Glide,1
8577,accepted,1
38926,stereo,1
24975,unchecked,1
38925,car's,1
24971,Hide,1
24997,Plenty,1
24960,Keyboard,1
3202,"screen""",1
24959,Virtual,1
24957,Input,1
24955,Languages,1
38916,mount,1
38978,It'll,1
24946,"""unchecked""",1
8567,clearly,1
25015,2018,1
25016,Hyundai,1
25017,Sonata,1
38907,Assistant!,1
38904,Setting,1
24931,engaged,1
38903,alone,1
24929,filter,1
24925,bloody,1
25041,"""exit“",1
25157,gle,1
24768,colourful,1
24397,He,1
24491,hoga,1
8731,Ah,1
39215,😊,1
38730,"""Swipe",1
8737,instability,1
8743,call!!!,1
25330,'swipe,1
24519,a>,1
24516,""">servbetter",1
8444,functionality!,1
24514,servbetter,1
24512,"href=""https:",1
24511,<a,1
25335,screen',1
8440,screwing,1
24489,kb,1
25158,2H5hF5N,1
25343,'feed,1
24480,plann,1
24474,delayed?,1
24473,gelltg,1
25346,information',1
8758,notified,1
24465,rolling,1
24461,ui,1
25357,distraction,1
24425,laying,1
24419,airplane,1
25365,contain,1
25366,personally,1
25368,information:,1
39211,charm,1
25295,screencasting,1
38735,"updates""",1
25263,fog,1
24762,refuses,1
3250,Tasks,1
39121,developed,1
38798,joining,1
24751,persistently,1
24748,4s,1
24739,freshly,1
8654,sitting,1
3130,disconnects,1
3260,import,1
38783,present,1
39155,"""Play",1
24663,pack,1
8683,Takes,1
25230,rinsed,1
39167,Playlist,1
25241,hrs,1
25242,ish,1
8686,fun,1
3269,iPhone?,1
24619,Start,1
8699,iron,1
24613,Basically,1
24612,nowhere,1
25247,hot,1
8700,kit,1
24599,behaviour,1
8471,4A5G,1
24576,dock,1
8280,play*,1
8279,*and,1
23846,"fix""",1
40312,reverse,1
23038,unrelated,1
40274,correct?,1
9233,profiles?,1
3594,E,1
2698,Dash,1
2697,Door,1
23026,Translate,1
23023,"Translate""",1
23021,"""Tap",1
3596,Good,1
37972,renable,1
26344,тут,1
3599,ends,1
2684,kicking,1
26346,зависает,1
22972,booster,1
26347,Якобы,1
3601,"""for",1
26348,ждет,1
40324,r,1
40325,GooglePixel,1
40326,comments,1
40327,58u8lq,1
40328,how_do_you_control_the_default_apps_google,1
22992,Living,1
26349,моего,1
40335,Google:,1
26350,запроса,1
22982,"chromecast""",1
9258,different?,1
23040,unlinked,1
26339,гугл,1
26338,окей,1
26336,экране,1
23165,rechecking,1
40192,deep,1
23160,unchecking,1
23152,"""Adjust",1
26305,development,1
26307,Добрый,1
26309,Не,1
23140,daily,1
26310,поможете,1
23131,periodically,1
2721,ping,1
26311,разобраться,1
26313,пооблемой,1
26314,Гугл,1
9203,deletes,1
26317,телефоне,1
26322,недавних,1
40230,wizard,1
26323,пор,1
40232,fire,1
26324,примерно,1
26326,месяц,1
26327,после,1
23079,Her,1
40248,Searchbar,1
40249,Widget,1
26328,одного,1
26330,обновлений,1
26335,заблокированном,1
40341,waze,1
40343,6291190?hl=en,1
23173,pattern,1
26377,воспринимает,1
37926,Wind,1
26367,думая,1
3618,"understand""",1
2652,"US""",1
40427,selecting,1
2648,"""Only",1
26370,молчал,1
26372,повторном,1
22891,payment,1
37916,Ireland,1
22877,Language,1
9286,Great,1
9289,No!,1
26376,нормально,1
26378,речь,1
40344,detailing,1
40458,incompetence,1
40463,refusing,1
26380,начинает,1
40466,competing,1
22843,centre,1
22841,authorised,1
37902,itself?,1
26382,Пробовал,1
26383,делать,1
26384,сброс,1
26385,к,1
26386,заводским,1
26387,настройкам,1
26389,проблема,1
26366,запросов,1
26365,типовых,1
26364,меню,1
40412,would:,1
26352,пиктограма,1
22969,121192056308141,1
22967,100052520420916,1
26353,которая,1
26354,появляется,1
26355,вместо,1
26356,микрофона,1
2673,Canada?,1
22960,sraeli,1
26357,статично,1
22954,suits,1
22952,population,1
22950,postmaster,1
22948,Postmenopausal,1
40374,"""do",1
22944,collected,1
22940,against,1
40377,"supported""",1
26358,висит,1
22939,clash,1
26360,чего,1
2665,2021?,1
2664,May,1
26362,переходит,1
22927,conditions,1
3615,"""sorry",1
22918,herrera,1
22917,fumes,1
22916,esmelin,1
26277,slideshow,1
40178,booting,1
23843,"""factory",1
23653,"command""",1
9002,Nestvdevices,1
9004,Says,1
25880,it!,1
39842,MONTHS,1
25892,"""flagship""",1
38292,posting,1
23672,"with""",1
2852,WAV,1
39856,gl,1
39857,BDPUsa7WaikUvtnd6,1
2849,MP3,1
23666,"""There's",1
23656,elapses,1
23654,timeout,1
8216,FM,1
23612,briefly,1
23646,"""hears""",1
39875,August,1
3470,chimes,1
25933,Jan,1
25934,21st,1
25938,recognised,1
23637,prevented,1
8212,Radio',1
3472,vibrates,1
2840,believed,1
8210,'ask,1
8203,;,1
23619,"playing?""",1
39906,Meanwhile,1
8233,Radio,1
2857,manager,1
8235,itself;,1
38313,allowing,1
39712,wll,1
3424,existed,1
39714,greatful,1
23836,72,1
25751,Discover,1
39724,Started,1
8274,tweak,1
39735,og,1
39737,People,1
23812,amounted,1
23807,"""support""",1
23801,June,1
25800,Cache,1
23783,combination,1
8257,*play*,1
23774,degree,1
23768,"[phone]""",1
23766,Devices,1
39778,Ubreakifix,1
25819,Update,1
23751,NONE,1
25832,spazzing,1
8246,Sounds,1
25843,rapid,1
39802,temporary,1
23734,alleviated,1
23725,ambience,1
39811,months?,1
3457,stared,1
39909,facing,1
39912,Recover,1
38051,resides,1
26167,realised,1
23436,timeline,1
3518,topics,1
26114,sing,1
23419,redo,1
38160,Self,1
40052,thumbs,1
40054,"playlist""",1
38139,MyLifeOrganized,1
38134,specified,1
23358,enjoyed,1
2762,Frazier,1
23336,fix!,1
8116,nvidia,1
26158,earth,1
26172,3s,1
23609,tray,1
40108,FYI,1
2747,widgets,1
26181,acts,1
40120,pairs,1
40126,They've,1
23256,smarter,1
26208,"""assistants",1
26209,"voice""",1
38080,"Stopping""",1
38079,Keeps,1
26227,reaction,1
26239,"""work""",1
26259,this??,1
3571,regretting,1
38167,saves,1
9072,swttings,1
2781,"mom""",1
26100,20,1
8198,providers,1
8197,alternative,1
23601,ALWAYS,1
39924,drought,1
39926,dwvorcd,1
25983,produces,1
25993,flickers,1
39934,deleate,1
39942,Frame,1
23581,hereto,1
23574,Enabling,1
26013,reduced,1
23568,Blowing,1
2811,tolly,1
39970,Model,1
2803,members,1
39979,enables,1
26050,occasionally,1
39984,EV,1
26060,rarely,1
8157,Either:,1
2795,titles,1
38185,"""Notes""",1
23470,Wired,1
38183,"""Lists""",1
26088,"""tell",1
23461,sticking?,1
26089,"me""",1
26091,Tuski,1
20644,ain't,1
20640,lives,1
45468,detect,1
17571,Pictures,1
17658,height,1
11190,SpeechRecognizer,1
44214,hello,1
11191,ERROR_CLIENT,1
6728,reenabling,1
35234,gotten,1
17628,"play""",1
17627,Braves,1
29896,bubbles,1
29898,recommend,1
6723,unresponsive,1
1248,"period""",1
17609,subject,1
29908,scale,1
6717,forthcoming,1
6753,acceptable,1
11228,coloring,1
1236,specifying,1
11234,ansecietr,1
35203,aligned,1
35200,centered,1
29934,forget,1
29939,configure,1
35191,inputting,1
35189,Help!,1
17471,planning,1
29945,Thabks,1
17458,5:00,1
4713,docked,1
29951,cellular,1
17661,building,1
17671,replicate,1
18480,realizes,1
6779,Non,1
6793,needed,1
1288,please?????,1
29767,awful,1
29773,fool,1
44116,Glance,1
44118,disappearing,1
1279,mark},1
44126,lengths,1
17793,engage,1
1278,{question,1
6780,Filers,1
17781,engaging,1
1273,"{period}""",1
35302,earbuds',1
11128,SIRI,1
29827,PROVIDE,1
44145,irritating,1
11138,narrowed,1
44154,accurate,1
17745,hopefully,1
11146,advice?,1
11150,Refund,1
11155,everything!!,1
17711,activities,1
44180,done?,1
11164,compressed,1
11165,air,1
29823,generating,1
29825,labels,1
17680,iPad,1
35170,assume,1
11275,selectively,1
17424,pandora?,1
44516,sell,1
44473,loyal,1
30213,guests,1
44476,N4,1
4785,canvas,1
44478,5x,1
4786,college,1
17128,Lanese,1
17127,Tre,1
30243,slider,1
12892,wp,1
17097,amend,1
44506,lots,1
4792,instagram,1
44514,officially,1
44520,ı,1
44333,ect,1
34962,resort,1
30304,highlight,1
44528,Market,1
44529,Hepsiburada,1
17053,hoover,1
17052,th,1
44544,quietly,1
44549,announces,1
17023,flash,1
30351,"""bla",1
44555,Often,1
17012,flashes,1
1136,theoretically,1
30359,instantaneously,1
11388,censorship?,1
44461,Turkey,1
35024,hangouts,1
11379,F*********,1
35149,"Call""",1
35148,"""Screen",1
17406,"youtube""",1
17404,Y,1
35125,secure,1
35122,outlets,1
17360,"Y""",1
6671,Feb,1
44382,verified,1
30052,Tech,1
30058,helped!,1
44394,"""reboot",1
30066,23431137?hl=en,1
44404,hacked,1
44406,malicious,1
11332,brought,1
44411,"""set",1
30088,"""bing",1
30090,"beep""",1
44416,"minute""",1
44422,Opens,1
30141,Merry,1
4768,bitten,1
35045,plugs,1
30175,ENGLISH,1
44442,Help?,1
4774,glitches,1
11374,expletive,1
11376,printed,1
44088,explains,1
29754,decision,1
17837,September,1
18294,powering,1
18367,called?,1
4537,FACING,1
18359,rings?,1
6906,rollout,1
6905,uniform,1
1434,{period},1
4542,REQUIRED,1
1430,entering,1
10954,JBL,1
10955,310ga,1
4543,PASSWORD,1
4547,outlook,1
6898,stayed,1
4549,Amazon,1
18290,Snapchat,1
29527,summarize,1
29473,walked,1
29477,recovery,1
18282,applications,1
29479,agreed,1
6888,„old“,1
43823,feet,1
43826,YELLING,1
18245,instances,1
6885,„compact“,1
18239,3's,1
6884,bar“,1
18235,Backup,1
18234,Chorm,1
43844,defeats,1
4536,PROBLEM,1
18376,does?,1
29432,plugging,1
1446,mark?,1
1474,Ex:,1
1473,brackets,1
35640,board,1
18471,illogical,1
29371,released,1
1469,types,1
10904,work?,1
35629,guessing,1
6931,“,1
1464,"""question",1
35624,25%,1
1462,"""comma",1
18456,discontinued,1
10910,tied,1
43702,hide,1
10918,digital,1
43716,%,1
18424,comands,1
18416,Cheers!,1
43722,"""Access",1
18415,much!,1
43725,"match""",1
1451,transitional,1
6919,Question:,1
18401,consider,1
35601,blazing,1
18385,sent?,1
1447,Reboot,1
6915,german,1
35500,convenience,1
29537,luckily,1
29750,dumb,1
1316,issus,1
1340,lütfen,1
1339,çalışmıyor,1
1338,sistemi,1
1337,Ses,1
43973,suggests,1
17995,woundering,1
17987,mom!,1
1331,options?,1
29640,promises,1
29646,status,1
17942,"""feedback",1
6838,picks,1
35394,nowadays,1
11084,skip,1
29654,duh!,1
43869,glasses,1
35390,bump,1
17929,SOLUTION!,1
17928,NO,1
29676,next?,1
44035,domain,1
29679,path,1
44038,restrictions,1
6824,code,1
6815,hack,1
6807,situated,1
17871,spend,1
29739,pixel2,1
17856,conducted,1
44075,hidden,1
29622,alternate,1
1341,yardım,1
1342,edin,1
18026,kill,1
35481,news?,1
29542,land,1
1382,scream,1
43878,mornings,1
29553,nice,1
29554,operators,1
43894,Maker,1
29562,generates,1
4595,Hard,1
43909,length,1
4598,booted,1
6853,consent,1
4600,safety,1
11042,everything's,1
18069,hodges,1
18068,farias,1
29593,"""assigned""",1
43927,engineer,1
18067,benjamin,1
18065,son,1
18063,iam,1
43935,defect,1
18061,cailiforina,1
18054,stealing,1
18052,oppssed,1
18045,ineed,1
18043,HEMET,1
6848,exclaiming,1
35434,forces,1
44568,muffles,1
6548,transcript,1
6547,written,1
933,spying,1
34575,moreover,1
16228,Menu,1
34573,expensive,1
950,medically,1
34561,replaces,1
30870,adheres,1
45169,x4,1
30886,tweaking,1
34548,it;s,1
34540,Authorized,1
16187,msd,1
45187,Saying,1
34538,consulted,1
34531,methods,1
45197,"""Now",1
34488,static,1
45198,"Playing""",1
16150,Search?,1
16145,pausing,1
16143,ducking,1
34524,deve,1
30922,European,1
16124,fraction,1
16109,identified,1
34515,stumped,1
34511,solution!,1
34506,dynamic,1
45238,relearn,1
30936,Duplex,1
34498,Frankly,1
45133,reloads,1
954,Routines,1
16247,section,1
45122,skips,1
45029,joined,1
16352,bloated,1
30777,tho,1
6402,T,1
16344,estate,1
16333,"""solution""",1
6400,Calls,1
16324,Straight,1
16323,appalled,1
16321,tracking,1
45063,models,1
16310,Ram,1
16299,thankful,1
4906,Nou,1
30809,TAP?,1
30813,PINCH,1
30815,ZOOM,1
16277,1252920?hl=en,1
16269,Link:,1
30817,SCROLL!,1
16266,bG,1
34599,costing,1
16265,Expert,1
16264,Product,1
16263,Gold,1
45108,thumping,1
4921,replies:,1
11713,try?,1
34593,apart,1
4954,pitch,1
16036,throw,1
16360,"""choice""",1
5011,recently?,1
872,"""it's",1
15893,"locked""",1
45362,on??,1
15888,"""allow",1
34403,Vibrate,1
45373,permanently,1
5002,disappears?,1
31103,help!!!!,1
31104,TL;DR:,1
31105,Spoken,1
31118,unseen,1
34382,eant,1
864,advertisement,1
34365,apears,1
34361,prombt,1
11791,notify,1
15829,attempts,1
15811,colours,1
11869,versions,1
34344,automaicaly,1
31188,Red?,1
5028,accident,1
31214,bearing,1
6218,"""Personal""",1
31221,pleasant,1
34326,horizontal,1
6216,"devices""",1
15768,recommends,1
15752,5138,1
15746,good???,1
34415,routine!,1
11834,Me',1
874,"coincidence""",1
45344,"""oops",1
45265,warranty?,1
34483,cash,1
45267,absolute,1
30957,skipping,1
902,paranoid,1
11804,Goole,1
34472,equivalent,1
30962,completely?,1
897,blatant,1
45288,mistake,1
11806,Activate,1
15982,concern,1
45293,$250,1
15976,About,1
30992,ported,1
15969,hundreds,1
6318,wakes,1
31007,expect,1
31036,ending,1
31038,xx35,1
4984,propose,1
45319,discrepancy,1
883,convince,1
45321,understandable,1
45322,affected,1
45323,devices:,1
15940,"""turn",1
31049,vm,1
45330,2xl,1
16357,launcher?,1
16364,suggesting?,1
11466,numermose,1
44778,Pretty,1
11535,Spotify?,1
44726,cast,1
1077,🙂,1
4848,intoxicated,1
34819,surely?,1
16740,Actually,1
4851,purposeful,1
11559,phons,1
44753,passing,1
34810,handy,1
6491,drm,1
16690,true,1
30547,increasing,1
11576,tried:,1
44779,shocking,1
11590,Primary,1
44782,loyalty,1
44784,investment,1
11578,Downloaded,1
34795,fairly,1
16669,4200NEX,1
16668,AVH,1
16667,Pioneer,1
6482,levels,1
16647,handshake,1
16646,routing,1
16642,messing,1
1043,Replies,1
44810,"""New",1
44813,"____""",1
44717,50+,1
44716,exchanging,1
34833,TRIBUTE,1
34834,DYNASTY,1
16978,excited,1
30380,"""Saving",1
4814,kicked,1
30385,"GMail""",1
30394,road,1
44609,Yeah!,1
16943,responsive,1
30395,trip,1
11481,"""beep""",1
11482,vanished,1
4821,passport,1
16894,awake,1
16888,"Siri""",1
44644,specifications,1
44645,HELP!,1
1105,reverted,1
44656,Originally,1
30423,"""you",1
30429,andshows,1
30440,went?,1
16837,yt,1
11531,player,1
44696,tutorials,1
30460,Auto?,1
30465,longest,1
16815,Bloizel,1
34844,overrides,1
6512,supposed,1
16799,ways?,1
16627,book,1
44819,emoji,1
30758,FUCK!,1
44981,Feedback,1
11643,right?,1
16459,hell,1
16456,time*,1
16453,majority,1
30706,___,1
16449,*already,1
6429,guided,1
44963,dismissed,1
44965,happens!,1
30713,shuffles,1
44970,Paused,1
16426,Omg,1
16417,drag,1
44980,time!,1
34670,sport,1
11591,language:,1
34669,reservations,1
30737,?!,1
16402,people*,1
44993,improvement,1
16399,upon,1
16398,*thousands,1
34667,routes,1
45001,NOKIA,1
30741,hijacked,1
16394,*simple*,1
16387,frontrunners,1
16378,invest,1
16375,dollar,1
16374,$800+,1
1000,proved,1
30699,"""shuffle",1
11641,800,1
16477,BLOATware,1
34776,map,1
6477,staff,1
44830,SUPER,1
6474,t,1
34759,approach,1
11597,preferences,1
6468,txt,1
16582,reconnecting,1
44855,"pandora""",1
16574,disconnecting,1
44869,matching,1
11608,permanent,1
44878,"""We're",1
44880,unexpected,1
44881,technical,1
44882,"difficulties""",1
4869,adjustments,1
34731,presented,1
34728,"that""",1
11618,integrate,1
30649,assistants,1
16535,placed,1
16527,lose,1
1010,"""say""",1
6448,allowed,1
4876,Aussie,1
30673,library,1
16486,Enough,1
16482,BLOAT,1
18472,decisions,1
18482,vital,1
20636,simpler,1
28135,Books,1
7454,"""hands",1
20063,GET,1
20062,MUST,1
20059,buttom,1
42503,tremendous,1
42504,difficulty,1
42510,NEVER,1
20050,"""TALKING""",1
10270,ups,1
42515,"""READ""",1
28111,"night""",1
20043,Vol,1
1871,WITHOUT,1
28134,Audio,1
42536,Overall,1
7455,"free""",1
20020,2a,1
36471,24,1
7425,redial,1
20012,carrier,1
42551,truck,1
42553,deal,1
28188,inherent,1
19994,shower,1
42557,clients,1
1851,screenvid,1
10288,Ultimately,1
42580,wierd,1
19961,AUTOMATIC,1
42588,writing,1
20064,THIS,1
20065,TURNED,1
35642,Considering,1
10249,karamthotsuresh@gmail,1
20204,biggest,1
36578,brake,1
20193,sorts,1
7487,call?,1
28021,1!,1
20175,Till,1
36560,advice!,1
20165,aometimes,1
28033,flying,1
36549,custom,1
28041,hacking,1
10244,Craig,1
1897,he's,1
28048,Bedtime,1
7466,ahead,1
28089,2099,1
1888,partner's,1
20121,5min,1
28062,Hiker2099,1
1887,Brazilian,1
42464,Volume,1
42465,mutes,1
20110,down?,1
28065,disturbs,1
42471,Need,1
28071,asleep,1
36520,Alarm,1
28088,Hiker,1
20082,exists!,1
42490,messages?,1
28220,automatically?,1
19946,"notifications""",1
42596,Japanese,1
19718,checks,1
19755,landscape,1
19750,"""take",1
28494,Patch,1
42751,distracting,1
19743,reran,1
1792,"recording""",1
19740,upset,1
19739,I'mthroughly,1
28508,between?,1
19732,vet,1
19728,bet,1
1789,"_""",1
36262,"flashlight""",1
42785,i've,1
28552,locking,1
28227,defeat,1
19711,rebooteded,1
19707,Data,1
28558,sat,1
36244,say:,1
7227,signify,1
42804,talkback,1
36233,elongating,1
28588,all?,1
42810,Both,1
19689,redidrecognizing,1
28590,Liam,1
42826,inbox,1
19677,you!,1
42837,standing,1
19762,horizontally,1
19764,flipped,1
28474,Chaps,1
28471,detects,1
1842,language;,1
28254,held,1
28303,'red',1
10328,bleep,1
28308,honestly,1
7327,crucial,1
42636,similar?,1
28341,BT,1
1824,Recognition,1
10338,Unsuccesfuly,1
10339,Browsed,1
28363,drove,1
42663,Hebrew?,1
10347,cloning,1
42675,Won't,1
28371,holder,1
36357,PIXAL,1
36355,OWN,1
36353,DO,1
42684,anytime,1
36338,stores,1
10368,announce,1
28402,recall,1
4213,'trending',1
28418,Cearly,1
28432,versus,1
36307,work's,1
4224,trending,1
19772,portrait,1
20212,oversensitive,1
28002,becomes,1
20218,million,1
42156,ASSISTANT,1
27782,joke,1
10133,"""When",1
27788,transferred,1
10135,"""Text",1
42126,largely,1
10136,[contact,1
10137,name],1
27792,wound,1
20491,disappointed,1
4055,Example,1
27798,abruptly,1
20482,introduce,1
42152,total,1
27802,Uninstalled,1
7555,frozen,1
20426,throwback,1
20465,romance,1
10141,"message""",1
20455,realized,1
42165,"""Listen",1
27809,project,1
42167,[name,1
27810,fi,1
20444,Clean,1
42174,"phone]""",1
20443,usable,1
20435,manufacturer,1
36726,press?,1
4065,ice,1
20430,2010s,1
4047,ed,1
7563,frequent,1
20526,Heck,1
4045,ing,1
7582,"""Jesse""",1
7579,"""Jessi""",1
42016,tester,1
4022,misspelled,1
20611,simplicity,1
20609,enjoy,1
36824,remotely,1
27726,frustrating!,1
36812,restaurant,1
20587,customers,1
20584,baked,1
27733,businesses,1
42050,closed,1
20576,attitude,1
27735,restaurants,1
27738,grocery,1
20561,Yeah,1
4034,strip,1
36801,finishing,1
42075,saddened,1
42079,caring,1
27746,listing,1
10125,Put,1
7567,differently,1
36781,future?,1
27759,"""Can't",1
42093,automation,1
36778,reactivated,1
27760,Load,1
20428,nightmares,1
20421,shocked,1
20220,fathom,1
42332,method,1
42296,разместил,1
42297,свой,1
42298,смартфон,1
42300,подставке,1
42302,фотографий,1
42305,были,1
42307,фотографии,1
42309,альбомов,1
27898,"mic""",1
20310,whatsoever,1
7518,indexing,1
27917,Instagram,1
27919,Telegram,1
42330,preferred,1
36630,sensitive,1
4066,cream,1
10203,fails?,1
36621,aways,1
1926,We've,1
42347,extra,1
7513,ranking,1
1924,Allison,1
20255,alike,1
36612,way?,1
20251,day's,1
20247,providing,1
27979,itself!,1
20230,quirky,1
20225,aside,1
20221,presses,1
42294,Когда,1
42290,владельцем,1
42289,являюсь,1
42278,copying,1
20418,frankly,1
36715,"screen?""",1
4071,underlined,1
42205,DOES,1
42206,THE,1
42208,THINK,1
42210,SHOULD,1
42211,BE,1
42212,PLAYED,1
42213,THROUGH,1
42214,YOUTUBE??,1
20399,recommending,1
10159,initiates,1
42223,apps:,1
20389,fan,1
27848,March,1
36696,"""to",1
36692,Response,1
1970,reconfigure,1
20377,afterthought,1
20376,General,1
27871,crashes,1
7530,gloryspy,1
42259,chosen,1
20345,panel,1
1952,problematic,1
4105,region,1
7524,guidelines,1
20336,25,1
36219,reacting,1
28599,blurry,1
1768,screened,1
18824,Hopefully,1
10742,edit:,1
10753,Thermostat,1
10755,Heat,1
1567,"Glance""",1
1565,"""At",1
35827,gently,1
29107,imgur,1
29110,xwOayZU,1
43398,scheduling,1
35813,simulating,1
29122,deny,1
29129,blocking,1
7033,consistently,1
4454,treat,1
18821,mile,1
18748,1Iad0gLV,1
10775,moves,1
35788,resting,1
7023,dismiss,1
18815,pissed,1
10788,heat,1
35768,rest,1
43467,working?,1
18765,Podcast,1
1530,Ed,1
18751,view?usp=sharing,1
18750,BSDmu,1
1527,handicapped,1
18749,eqgOvuYtYpHybzqkFl,1
43484,needing,1
18927,wants,1
1581,"""Unable",1
18955,earphone,1
4422,p70,1
19088,17000,1
19087,paying,1
19085,repaired,1
1605,"location""",1
43281,hungarian,1
1604,"""Your",1
1603,labeled,1
1602,slot,1
28999,situations,1
43292,uk,1
1601,empty,1
29006,occuring,1
4405,samsung,1
29017,dozen,1
4407,s20,1
19040,occupied,1
29028,"""google""",1
19029,crash,1
7064,require,1
1596,"places""",1
1595,"""Search",1
19022,interrupted,1
35880,Always,1
43331,laggy,1
29057,confuses,1
29066,handles,1
4419,phonak,1
4420,paradise,1
4421,audeo,1
1526,Partial,1
35757,unlocked*,1
43270,Hungarian,1
29337,purposes,1
29314,$25,1
18561,cared,1
29321,dirt,1
35686,observing,1
18550,backwards,1
29322,cheap,1
6960,Oliver,1
18544,choosing,1
18542,By,1
18541,talking?!,1
6959,Greetings,1
29334,serves,1
18532,theres,1
4504,inputs,1
18528,prompting,1
43493,apepar,1
18526,purse,1
10881,suspended,1
18519,impaired,1
6954,lasts,1
43648,"x""",1
29345,boot,1
29348,حاولت,1
10887,Doorbell,1
29349,ضبط,1
29350,المصنع,1
6950,"bar""",1
43660,Phillips,1
43661,hue,1
18494,communicating,1
43598,"English""",1
43597,"""American",1
18574,subject!,1
35696,obsession,1
7005,persistent,1
18740,video:,1
1525,info?,1
10814,minimized,1
43503,Magisk,1
10819,preview,1
18711,stucked,1
18707,ot,1
7001,URL,1
35742,max,1
10826,ideal,1
29246,Such,1
1517,Let,1
29248,worthless,1
10832,Prefer,1
18662,OS11,1
29261,refuse,1
18654,founder,1
18652,owner,1
1511,marks?,1
18651,maker,1
18647,residency,1
43569,outloud,1
18628,thing!,1
18600,interrupting,1
35702,experiment,1
29296,headjack,1
18597,thanks',1
18596,'no,1
1609,Normally,1
19094,phiece,1
10428,stick,1
42997,curves,1
42948,basics,1
10504,"""off""",1
19496,"results""",1
19493,"""Lock",1
7181,injury,1
7177,Due,1
28718,handset,1
7168,warranties,1
42977,travelling,1
42979,Inidia,1
42980,borrowed,1
28737,optimization,1
10527,it;,1
42994,throwing,1
19432,reasons,1
43046,"Connecticut""",1
43005,Verified,1
19420,alarmist,1
28777,Having,1
19411,executive,1
1711,legit,1
19408,ASAP,1
43019,analyze,1
1704,opportunity,1
19403,respective,1
19400,elevated,1
43030,Training,1
19388,there’s,1
19386,99%,1
28815,throttle,1
10496,"Match""",1
10495,"""Voice",1
36147,Oh,1
19515,"Pixel""",1
10429,Retraining,1
1766,employer,1
42854,cities,1
19608,Karlsson,1
19607,Niklas,1
28628,independent,1
1755,unemployed,1
42879,headset?,1
42880,Kartick,1
42881,samanta,1
42882,B,1
42883,Ha,1
28644,Looks,1
10455,Password,1
19576,"Uninstall""",1
42900,"that?""",1
42901,Ayuda,1
19572,Installed,1
42909,parpadea,1
19563,new:,1
19558,installation,1
19551,Revert,1
28681,8:00,1
19526,"cache""",1
19525,"""clear",1
19523,"storage""",1
19522,"""Clear",1
28691,woke,1
19521,Took,1
43045,Danbury,1
1698,legitimate,1
35928,"""ambient""",1
43203,911,1
10623,details:,1
36002,"*""the",1
28895,99,1
10627,11;,1
28896,cent,1
43160,OG,1
19215,之前泡在水裡後有改善但又不斷發生,1
43166,😡,1
1652,Factor,1
1651,Permissions,1
28913,ordered,1
10634,Application,1
19187,3p,1
28923,ebay,1
43209,“hey,1
19380,I’ve,1
43212,911”,1
28940,persisted,1
19155,felaired,1
43232,also?,1
1629,"weather?""",1
35953,breaking,1
19142,Headphone,1
10657,sunrise,1
35950,Lastly,1
19119,draining,1
35945,simulated,1
10661,brighten,1
1621,affecting,1
28978,confliction,1
36007,"unlocked""",1
28891,grabbed,1
43140,flex,1
36013,"""testing""",1
4320,articles,1
43056,America,1
43057,"America""",1
36067,lifted,1
1694,blocks,1
28837,dirty,1
28839,malfunctioning,1
10578,"""Adaptive",1
10579,"Battery""",1
43079,apri,1
43081,riesco,1
43084,appGoogle,1
19328,handoff,1
1686,interfering,1
36060,simulate,1
43090,inch,1
43092,"""S""",1
43093,shaped,1
36052,rested,1
28851,Headphones,1
28856,mulitple,1
7118,Wellbeing,1
28861,identical,1
7117,Digital,1
36028,reliably,1
1668,Roaming,1
28880,branded,1
28884,caused,1
43137,screen?,1
28997,googling,1
